-- MySQL dump 10.13  Distrib 5.7.17, for Win64 (x86_64)
--
-- Host: localhost    Database: residencia_leonardo
-- ------------------------------------------------------
-- Server version	5.7.26

/*!40101 SET @OLD_CHARACTER_SET_CLIENT=@@CHARACTER_SET_CLIENT */;
/*!40101 SET @OLD_CHARACTER_SET_RESULTS=@@CHARACTER_SET_RESULTS */;
/*!40101 SET @OLD_COLLATION_CONNECTION=@@COLLATION_CONNECTION */;
/*!40101 SET NAMES utf8 */;
/*!40103 SET @OLD_TIME_ZONE=@@TIME_ZONE */;
/*!40103 SET TIME_ZONE='+00:00' */;
/*!40014 SET @OLD_UNIQUE_CHECKS=@@UNIQUE_CHECKS, UNIQUE_CHECKS=0 */;
/*!40014 SET @OLD_FOREIGN_KEY_CHECKS=@@FOREIGN_KEY_CHECKS, FOREIGN_KEY_CHECKS=0 */;
/*!40101 SET @OLD_SQL_MODE=@@SQL_MODE, SQL_MODE='NO_AUTO_VALUE_ON_ZERO' */;
/*!40111 SET @OLD_SQL_NOTES=@@SQL_NOTES, SQL_NOTES=0 */;

--
-- Table structure for table `consulta`
--

DROP TABLE IF EXISTS `consulta`;
/*!40101 SET @saved_cs_client     = @@character_set_client */;
/*!40101 SET character_set_client = utf8 */;
CREATE TABLE `consulta` (
  `id_residente` int(11) NOT NULL,
  `id_personal` int(11) NOT NULL,
  `fecha` datetime NOT NULL DEFAULT CURRENT_TIMESTAMP,
  `causa` longtext,
  `sintomas` longtext,
  `tratamiento` longtext,
  `revision` longtext,
  `otros` longtext,
  PRIMARY KEY (`id_residente`,`id_personal`,`fecha`),
  KEY `fk_historico_res_med2_idx` (`id_personal`),
  CONSTRAINT `fk_historico_res_med1` FOREIGN KEY (`id_residente`) REFERENCES `residente` (`id_residente`),
  CONSTRAINT `fk_historico_res_med2` FOREIGN KEY (`id_personal`) REFERENCES `personal` (`id_personal`)
) ENGINE=InnoDB DEFAULT CHARSET=utf8mb4;
/*!40101 SET character_set_client = @saved_cs_client */;

--
-- Dumping data for table `consulta`
--

LOCK TABLES `consulta` WRITE;
/*!40000 ALTER TABLE `consulta` DISABLE KEYS */;
INSERT INTO `consulta` VALUES (57,56,'2020-11-22 17:25:00','Se resbaló al salir de la ducha. Cayó sobre el brazo derecho.','Pequeña contusión en el brazo derecho','Voltarén Pomada 25mg, a demanda, hasta 5 veces al día.','Dentro de 4 días, para seguimiento hematoma.',''),(59,13,'2020-11-22 14:06:00','Problemas circulatorios en extremidades inferiores. Numerosas varices, algunas operables.','Dolor de piernas, sobre todo por las tardes.','Trombocid Forte 400mg 3 veces al día, durante 1 mes','En 2 semanas para seguimiento de evolución',''),(59,13,'2020-11-22 16:54:00','Principio de artritis reumatoide.','Dolor en las manos (la paciente refiere que sobre todo por las mañanas) y problemas para ejercer presión. Entumecimiento y agarrotamiento.','A la espera de los resultado de los análisis.','En una semana, con el resultado de los análisis, para indicar tratamiento a seguir','Solicitado análisis clínico en PharmaLab, a la espera de los resultados.'),(59,13,'2020-12-08 12:08:00','Ha sufrido un brote psicótico recientemente','Agresividad','La derivo a psicología para valoración','E 3 días',''),(63,13,'2020-11-22 14:24:00','Migraña persistente y localizada.','Dolor de cabeza intenso, el paciente refiere que no logra descansar por las noches.','Gelocatil 1G + DolorKal 650mg alternados cada 6 horas. ','Dentro de 3 días, si el dolor no remitiera, posible derivación al hospital','El paciente comenta que en el hospital 12 de octubre le llevaba el doctor Quiñones (neurólogo). Pedir historia clínica al 12 Octubre  '),(63,56,'2021-01-02 20:18:00','El paciente refiere que no está descansado bien últimamente. Los dolores de cabeza pueden venir provocados por este motivo','Dolor de cabeza frecuente','Gelocatil 1gr cada 6/8 horas, durante una semana','en una semana (10/01/2021)',''),(68,13,'2020-12-27 19:16:00','Cuadros de ansiedad','Dolor en el pecho','Ansiofín internature capsulas 200mg  cada 8 horas (antes de las comidas), durante 7 días','En 3 días','Le derivo a psiquiatría para su valoración'),(68,13,'2021-01-02 14:07:00','Posible torcedura','Dolor punzante tobillo izquierdo al incorporarse.\nHinchazón','Voltarén pomada 250mg en la zona a tratar, máximo 5 veces al día, durante 1 semana','En 1 semana (10/01/2021)','');
/*!40000 ALTER TABLE `consulta` ENABLE KEYS */;
UNLOCK TABLES;

--
-- Table structure for table `familiar`
--

DROP TABLE IF EXISTS `familiar`;
/*!40101 SET @saved_cs_client     = @@character_set_client */;
/*!40101 SET character_set_client = utf8 */;
CREATE TABLE `familiar` (
  `id_familiar` int(11) NOT NULL AUTO_INCREMENT,
  `nombre_familiar` varchar(45) NOT NULL,
  `apellidos` varchar(100) NOT NULL,
  `email` varchar(45) DEFAULT NULL,
  `direccion_postal` varchar(45) DEFAULT NULL,
  `codigo_postal` varchar(45) DEFAULT NULL,
  `telefono` varchar(45) NOT NULL,
  `dni_familiar` varchar(45) NOT NULL,
  PRIMARY KEY (`id_familiar`),
  UNIQUE KEY `dni_UNIQUE` (`dni_familiar`)
) ENGINE=InnoDB AUTO_INCREMENT=42 DEFAULT CHARSET=utf8;
/*!40101 SET character_set_client = @saved_cs_client */;

--
-- Dumping data for table `familiar`
--

LOCK TABLES `familiar` WRITE;
/*!40000 ALTER TABLE `familiar` DISABLE KEYS */;
INSERT INTO `familiar` VALUES (4,'Dolores','Sánchez Vazquez','doloressanchezsierra@hotmail.com','C/Almendralejo de la Victoria, 99 13A','28001','678456123','02854188A'),(12,'Ramiro','Sánchez Valcarcel','Ramiroramirete@gmail.com','C/Petirrojo, 24 5C','28047','666333444','52939743E'),(13,'Agustín','Miranda Fernández','agustirrinin@amena.es','Avda. Misioneros 34 1B','28047','678547934','37696395Q'),(14,'Federica','Dominica Gutiérrez','federicaG@yobingo.es','C/Pez, 98 bajo B','28001','914682535','04017825R'),(15,'Marcos','Ledesma Díaz','marcosledesma@hotmail.com','C/Ventorro de la Cuchicumba, 345, 25B','28998','678342963','95034069R'),(17,'Marta','Guardamarín Sevilla','martaguardamarin@ono.com','C/Comuneros 23 1C','28045','753825946','36045342H'),(19,'Hortensia','López Rodríguez','Horten@gmail.com','C/Abascal 25 14D','28005','687493205','30531417K'),(20,'María Anabel','Sánchez Gómez','mabelsanchez59@hotmail.com','C/Almirantazgo portal 2 bajo B','28011','678435762','49618917M'),(21,'Carmen','Salmerón Zazo','carmencita47@yahoo.es','Avda. Carretera y manta 189, 5C','28999','678049673','85606665K'),(22,'Agustín','Salmerón Antúnez','ellocodelacolina@gmail.com','C/La Pepa 23 bajo B','28044','946307254','72839047W'),(23,'Julia','Marquez Lamarca','alegriadelahuerta@gmail.com','C:/La alegría de la Huerta s/n','28044','999888444','17019839T'),(24,'Julianana','Santisteban López','Juliananasantisteban@gmail.com','C:/Agustin de Guadix 45 1B','28225','947206482','92347742M'),(25,'Antonio','Díaz Díaz',NULL,NULL,NULL,'947206482','68625003H'),(26,'Mariano','Rodríguez Sánchez',NULL,NULL,NULL,'947556324','52337398R'),(29,'Marta','Gutierrez López','martaGutierrez@gmail.com','C/Petirrojo, 24 5C','28001','666333444','69390199G'),(31,'Martín','Calvo Morales','martincalvohijo2@gmail.com','C/Pingüino, 24 1B','28025','917194739','96521516S'),(32,'Carla','Rodríguez Salmerón','carlaaventuras@gmail.com','C/ Fuerteventura 230 1D','28992','696555687','07928199F'),(33,'Gema Dolores','Pérez Albornoz','gemadoloresperez56@gmail.com','C/Bienmesabe, 2 bajo C','28573','689356743','32890592V'),(37,'Matilda','López Vázquez',NULL,NULL,NULL,'914682535','59496919J'),(38,'David José','Mateos Ruiz',NULL,NULL,NULL,'694382543','15960036Z'),(39,'Riboberta','Almenara Sánchez','rigoalmernara@gmail.com','C/Golondrina, 1 bajo A','28025','914735831','44680623H'),(40,'Julieta','Domínguez Guardamarín',NULL,NULL,NULL,'677456322','39589931P');
/*!40000 ALTER TABLE `familiar` ENABLE KEYS */;
UNLOCK TABLES;

--
-- Table structure for table `habitacion`
--

DROP TABLE IF EXISTS `habitacion`;
/*!40101 SET @saved_cs_client     = @@character_set_client */;
/*!40101 SET character_set_client = utf8 */;
CREATE TABLE `habitacion` (
  `id_habitacion` int(11) NOT NULL,
  `num_camas` int(1) NOT NULL,
  PRIMARY KEY (`id_habitacion`)
) ENGINE=InnoDB DEFAULT CHARSET=utf8mb4;
/*!40101 SET character_set_client = @saved_cs_client */;

--
-- Dumping data for table `habitacion`
--

LOCK TABLES `habitacion` WRITE;
/*!40000 ALTER TABLE `habitacion` DISABLE KEYS */;
INSERT INTO `habitacion` VALUES (101,1),(102,1),(103,1),(104,2),(105,2),(106,2),(107,2),(201,1),(202,1),(203,1),(204,2),(205,2),(206,2),(207,2),(301,1),(302,1),(303,1),(304,2),(305,2),(306,2),(307,2);
/*!40000 ALTER TABLE `habitacion` ENABLE KEYS */;
UNLOCK TABLES;

--
-- Table structure for table `historico_res_hab`
--

DROP TABLE IF EXISTS `historico_res_hab`;
/*!40101 SET @saved_cs_client     = @@character_set_client */;
/*!40101 SET character_set_client = utf8 */;
CREATE TABLE `historico_res_hab` (
  `id_residente` int(11) NOT NULL,
  `id_habitacion` int(11) NOT NULL,
  `fecha_inicio` datetime NOT NULL DEFAULT CURRENT_TIMESTAMP,
  `fecha_fin` datetime DEFAULT NULL,
  PRIMARY KEY (`id_residente`,`id_habitacion`,`fecha_inicio`) USING BTREE,
  KEY `id_residente` (`id_residente`),
  KEY `id_habitacion` (`id_habitacion`),
  CONSTRAINT `historico_id_habitacion_fk` FOREIGN KEY (`id_habitacion`) REFERENCES `habitacion` (`id_habitacion`),
  CONSTRAINT `historico_id_residente_fk` FOREIGN KEY (`id_residente`) REFERENCES `residente` (`id_residente`) ON DELETE CASCADE ON UPDATE CASCADE
) ENGINE=InnoDB DEFAULT CHARSET=utf8 COLLATE=utf8_spanish_ci;
/*!40101 SET character_set_client = @saved_cs_client */;

--
-- Dumping data for table `historico_res_hab`
--

LOCK TABLES `historico_res_hab` WRITE;
/*!40000 ALTER TABLE `historico_res_hab` DISABLE KEYS */;
INSERT INTO `historico_res_hab` VALUES (49,103,'2021-01-02 20:37:30',NULL),(49,104,'2020-11-15 13:32:46','2020-12-26 17:23:22'),(49,104,'2020-12-26 17:43:25','2020-12-26 17:23:22'),(49,201,'2020-12-26 17:23:22','2020-12-26 17:43:25'),(57,102,'2020-12-24 18:58:48','2021-01-01 00:00:00'),(57,104,'2020-11-28 16:57:05','2020-11-28 16:57:05'),(57,205,'2021-01-03 14:37:51',NULL),(57,303,'2020-11-28 18:22:40','2020-12-24 18:58:48'),(58,104,'2020-11-28 17:01:19','2020-12-27 19:22:58'),(58,105,'2020-12-27 19:22:58',NULL),(58,201,'2020-11-15 17:01:16','2020-11-28 14:13:50'),(59,102,'2020-11-28 14:28:31','2020-11-28 16:39:16'),(59,105,'2020-11-28 18:26:54','2020-12-08 12:13:15'),(59,107,'2020-11-15 17:04:37','2020-11-28 14:28:31'),(59,201,'2020-11-28 18:23:23','2020-11-28 18:23:23'),(59,203,'2020-12-08 12:13:15',NULL),(60,206,'2020-11-15 17:22:06',NULL),(61,101,'2020-11-28 17:02:44',NULL),(61,102,'2020-11-28 14:24:12','2020-11-28 16:42:30'),(61,104,'2020-11-15 21:15:24','2020-11-28 14:16:47'),(61,304,'2020-11-28 16:53:10','2020-11-28 16:54:34'),(63,104,'2021-01-03 14:40:55',NULL),(63,204,'2020-11-16 22:16:02','2021-01-03 00:00:00'),(65,204,'2021-01-03 14:36:51',NULL),(65,302,'2020-11-28 18:43:12','2021-01-01 00:00:00'),(66,102,'2020-12-06 12:09:39','2020-12-13 00:00:00'),(67,106,'2020-12-07 11:16:42','2021-01-01 00:00:00'),(68,106,'2020-12-13 13:25:55',NULL),(68,201,'2020-12-07 12:27:01','2020-12-13 00:00:00'),(70,201,'2021-01-02 14:31:51',NULL),(70,206,'2020-12-27 12:12:10','2021-01-02 14:31:27'),(70,307,'2021-01-02 14:31:27','2021-01-02 14:31:51'),(71,103,'2020-12-27 13:29:00','2021-01-01 00:00:00'),(72,104,'2021-01-02 20:29:38',NULL);
/*!40000 ALTER TABLE `historico_res_hab` ENABLE KEYS */;
UNLOCK TABLES;

--
-- Table structure for table `incidencia`
--

DROP TABLE IF EXISTS `incidencia`;
/*!40101 SET @saved_cs_client     = @@character_set_client */;
/*!40101 SET character_set_client = utf8 */;
CREATE TABLE `incidencia` (
  `id_incidencia` int(11) NOT NULL AUTO_INCREMENT,
  `id_personal` int(11) NOT NULL,
  `id_residente` int(11) NOT NULL,
  `descripcion` varchar(100) NOT NULL,
  `contenido` longtext,
  `fecha` datetime NOT NULL DEFAULT CURRENT_TIMESTAMP,
  PRIMARY KEY (`id_incidencia`,`id_personal`,`id_residente`),
  KEY `id_personal_incidencia_fk_idx` (`id_personal`),
  KEY `id_residente_incidencia_fk_idx` (`id_residente`),
  CONSTRAINT `id_personal_incidencia_fk` FOREIGN KEY (`id_personal`) REFERENCES `personal` (`id_personal`),
  CONSTRAINT `id_residente_incidencia_fk` FOREIGN KEY (`id_residente`) REFERENCES `residente` (`id_residente`)
) ENGINE=InnoDB AUTO_INCREMENT=20 DEFAULT CHARSET=utf8;
/*!40101 SET character_set_client = @saved_cs_client */;

--
-- Dumping data for table `incidencia`
--

LOCK TABLES `incidencia` WRITE;
/*!40000 ALTER TABLE `incidencia` DISABLE KEYS */;
INSERT INTO `incidencia` VALUES (3,13,61,'Pelea entre compañeras de cuarto','<p>Esta mañana Antonia comenzó una discusión con Josefa que acabó con ésta última en la enfermería <span style=\"background-color: rgb(255, 255, 0);\">con una contusión en la cabeza</span>.</p><p>Antonia se ha negado a pedirle perdón.</p>','2020-11-22 10:16:35'),(4,53,58,'Se ha negado a comer','El residente ha tirado la comida al suelo tras insistirle que tenia que comer su comida. Finalmente <u><i><b>no ha comido su comida</b></i></u> de media mañana<br>','2020-11-21 10:19:13'),(5,57,59,'Espejo baño roto','<p>Al ir a limpiar el cuarto me he encontrado el espejo roto. Al preguntarle a Fuensanta por lo sucedido, <span style=\"background-color: rgb(206, 0, 0); color: rgb(255, 255, 255);\">ella niega conocer el motivo,</span> dice que ni siquiera sabía que estaba roto. </p><p>Avisado mantenimiento para su reparación.<br></p>','2020-11-22 10:22:56'),(10,13,59,'Problemas con la toma de pastillas','<p>Cada día le cuesta más tomas sus pastillas diarias. Hemos intentado machacarlas e incluirlas en el yogourt, pero<span style=\"color: rgb(99, 74, 165);\"> </span><span style=\"color: rgb(255, 0, 0);\">lo detecta y se niega a tomarlo</span>.</p>','2020-11-22 16:54:20'),(15,13,59,'No toma sus pastillas','<p>Se niega a tomar las pastillas recetadas</p>','2021-01-02 14:02:12'),(16,13,68,'Desorientación al regresar a su cuarto','<p>Ayer el personal de mantenimiento se lo encontró de nuevo vagando por las instalaciones,&nbsp;<span style=\"background-color: rgb(255, 255, 0);\">totalmente desorientado</span>, tratando de regresar a su cuarto</p>','2021-01-02 14:04:35'),(17,15,70,'El usuario se queja de que la ducha está estropeada, cuando no es cierto','<p>El usuario se queja de que la ducha está estropeada, cuando no es cierto. He estado revisando todo el sistema y funciona con normalidad,<span style=\"color: rgb(255, 0, 0); background-color: rgb(255, 255, 255);\"> si bien es cierto que el caudal es ligeramente inferior al de otras habitaciones</span></p>','2021-01-02 20:12:44'),(18,57,63,'El usuario ha perdido un colgante de la Virgen de Guadalupe','<p>El usuario ha perdido un colgante de la Virgen de Guadalupe, insiste en que estaba sobre la mesilla justo antes de que entrara a hacerle la habitación. Sin embargo, <u style=\"background-color: rgb(255, 255, 0);\">puedo asegurar que, cuando yo entré, no había NADA en la mesilla</u>. Hemos buscado por toda la habitación pero no la hemos encontrado<br></p>','2021-01-02 20:24:34');
/*!40000 ALTER TABLE `incidencia` ENABLE KEYS */;
UNLOCK TABLES;

--
-- Table structure for table `personal`
--

DROP TABLE IF EXISTS `personal`;
/*!40101 SET @saved_cs_client     = @@character_set_client */;
/*!40101 SET character_set_client = utf8 */;
CREATE TABLE `personal` (
  `id_personal` int(11) NOT NULL AUTO_INCREMENT,
  `dni_personal` varchar(40) NOT NULL,
  `nombre` varchar(40) NOT NULL,
  `apellido1` varchar(40) NOT NULL,
  `apellido2` varchar(40) NOT NULL,
  `telefono` varchar(45) NOT NULL,
  `email` varchar(40) NOT NULL,
  `direccion` varchar(45) NOT NULL,
  `codigo_postal` varchar(40) NOT NULL,
  `rol` varchar(40) NOT NULL,
  `tipo_responsabilidad` varchar(40) NOT NULL,
  `usuario` varchar(40) NOT NULL,
  `contrasena` varchar(255) NOT NULL,
  `fecha_alta` datetime DEFAULT CURRENT_TIMESTAMP,
  `fecha_baja` datetime DEFAULT NULL,
  `motivo_baja` varchar(255) DEFAULT NULL,
  `planta` varchar(45) DEFAULT NULL,
  `id_turno` int(11) NOT NULL DEFAULT '1',
  `otros` varchar(255) DEFAULT NULL,
  PRIMARY KEY (`id_personal`),
  UNIQUE KEY `dni_UNIQUE` (`dni_personal`)
) ENGINE=InnoDB AUTO_INCREMENT=67 DEFAULT CHARSET=utf8mb4;
/*!40101 SET character_set_client = @saved_cs_client */;

--
-- Dumping data for table `personal`
--

LOCK TABLES `personal` WRITE;
/*!40000 ALTER TABLE `personal` DISABLE KEYS */;
INSERT INTO `personal` VALUES (13,'96628429R','Miriam','Diaz','Hortal','912002020','miriam.diaz@gmail.com','C/Hortaleza, 27 4B','28001','admin','admin','admin','$2y$10$yFqoKb1RnexGdW8fPJgMresG59mKJtYa7/LkmLKOEdE328iGvlTza','2020-10-25 15:07:56',NULL,NULL,'',1,NULL),(15,'39573859J','Marcos','Valcarcel','Martos','913334567','marcos@gmail.com','C/Ocaña 120 13A','28045','mantenimiento','mantenimiento','marcos','$2y$10$UZojCXwAvxJZTCkJ7qPKgeXbxF3Hx2S4pjgtE7d4VQ3GaC/wSccWm','2020-10-25 20:50:51',NULL,NULL,'',1,NULL),(53,'00740335B','Amaya','de Pastors','Perez','645492018','amayadp@hotmail.com','Avda. del Zorzal 16 4B','28025','TrabajadorSocial','admin','amaya','$2y$10$Fp3pg7lBUkunYNUl.sArNe9l867XF17lkw4oQIXG9KlJ4MH1Xv03y','2020-11-07 11:11:11',NULL,NULL,'1',1,NULL),(56,'34978500P','Juan Rodrigo','Martos','Vega','679227970','martosvega@gmail.com','C/ Guabairo 12 2C','28025','medico','coordinador','rodrigo','$2y$10$yQJhKZw9X3zuNFueLXft4u2PJdRfFd56iRnAi1HTRcSYHybQAyMA.','2020-10-09 11:39:05',NULL,NULL,'2',1,NULL),(57,'77509770T','Juana','Domínguez','Iriarte','989456243','juanairiarte@pepemovil.es','C/Pez, 12 3C','28003','limpieza','supervisor','juana','$2y$10$yFqoKb1RnexGdW8fPJgMresG59mKJtYa7/LkmLKOEdE328iGvlTza','2020-11-09 18:09:57',NULL,NULL,'2',1,NULL),(58,'00215370K','Nayra','Vargas','Lorenzo','678945035','nayravargas@gmail.com','C/ Forlán, 23 5B','28999','Psicologo','Terapeutica','nayra','$2y$10$ttDo2KGTHeoYEmQfgRamCuTB9a6nOU8MQrJxVuAVzZPa3bDXjKOou','2020-11-28 21:49:02',NULL,NULL,'1',2,NULL),(59,'73627124F','Encarnación','Dorado','Rojo','913459874','colorines89@jaztel.es','C/Colorines, 189 bajo B','28045','limpieza','limpieza','encarni','$2y$10$Qecj5eGyjAYV095Rrj/.2eXHa1c7jiSSlfMC/qPmsz/YY/JcGeNzm','2020-11-28 21:52:16',NULL,NULL,'3',2,NULL),(60,'73679768G','Julia Francisca','Martinez','López','666666666','juliapacamartinez@gmail.com','Avda. Plaza de toros 16 4B','28025','Psicologo','jefeEquipo','julia','$2y$10$f7ocPIyyspvMb7yGurKkO.sQCoyfocvkug3l3y6KeO3Tql..jUtR2','2020-12-08 11:57:34','2020-12-08 00:00:00','Conducta inadecuada con los/as compañeros/as','2',1,NULL),(61,'45597217Q','Raquel','Vicente','Vélez','611104590','raquel@gmail.es','C/Dalí 3','28932','medico','jefeEquipo','raquel','$2y$10$6jCag0VY6vV5ztaCCcdTmOJe5U/3q33C1yFJD4HuJOSqt9S/7VbJ.','2020-12-13 12:44:34',NULL,NULL,'2',2,NULL),(62,'94749840Y','Pilar','Pérez','Zazo','698462078','pilarperez@yahoo.es','C/Ocaña 220 10D','28047','enfermero','sanitaria','pilar','$2y$10$X5tNY6nGtZ295ntE/M1SA.CWuns.v8/1cYyU/yX7G5Cz1wSqaEqMi','2020-12-24 12:21:28',NULL,NULL,'1',5,NULL),(63,'42355669L','Marta','Domínguez','Fuenterrabía','679467324','fuenterrabiacamacho@hotmail.com','C/Camacho 25 1B','28005','limpieza','limpieza','marta','$2y$10$/.f./rJ9yAbxFrW1O6nGm.4e.tZ9GecX9z7N8lg8s1r4/SYSS.YcS','2020-12-26 18:08:13',NULL,NULL,'3',2,NULL),(64,'05239786H','Ramiro','López','López','678463713','ramiroeldebuenavista@gmail.com','C/Buena Vista, 13 1C','29045','mantenimiento','encargado','ramiro','$2y$10$OhVmiM3ZGYqcMcXZXEXD8u4z/E0JrkxzjqdaK/BriI4k7giwLQPVW','2021-01-02 20:39:27',NULL,NULL,'',4,NULL),(65,'63489325X','David','Gutiérrez','Sanchís','684396285','DavidGuti89@yahoo.es','C/Victoria, 1 1A','28001','auxiliar','asistencial','david','$2y$10$kCD5Xh16gsga8oJDbAlgH.162jbyoEXSWBNwX46nqov.4SUK3sNHy','2021-01-02 21:05:02',NULL,NULL,'1',6,NULL),(66,'78002371X','María','Fernández','Abuja','679343444','mariaabuja@gmail.com','C/La berbena de la Paloma, 23, 4B','28094','enfermero','asistencial','maria','$2y$10$uiM9XGB2Z39U33TBqHjTd.ZoC5crbX13uBLmusWEdSdG6o7twzwTu','2021-01-03 14:34:27',NULL,NULL,'2',6,NULL);
/*!40000 ALTER TABLE `personal` ENABLE KEYS */;
UNLOCK TABLES;

--
-- Table structure for table `rel_familiar_residente`
--

DROP TABLE IF EXISTS `rel_familiar_residente`;
/*!40101 SET @saved_cs_client     = @@character_set_client */;
/*!40101 SET character_set_client = utf8 */;
CREATE TABLE `rel_familiar_residente` (
  `id_familiar` int(11) NOT NULL,
  `id_residente` int(11) NOT NULL,
  `parentesco` varchar(45) NOT NULL,
  `es_contacto_principal` tinyint(1) NOT NULL DEFAULT '0',
  PRIMARY KEY (`id_familiar`,`id_residente`),
  KEY `rel_id_residente_fk_idx` (`id_residente`),
  CONSTRAINT `rel_id_familiar_fk` FOREIGN KEY (`id_familiar`) REFERENCES `familiar` (`id_familiar`) ON DELETE CASCADE ON UPDATE CASCADE,
  CONSTRAINT `rel_id_residente_fk` FOREIGN KEY (`id_residente`) REFERENCES `residente` (`id_residente`) ON DELETE CASCADE ON UPDATE CASCADE
) ENGINE=InnoDB DEFAULT CHARSET=utf8;
/*!40101 SET character_set_client = @saved_cs_client */;

--
-- Dumping data for table `rel_familiar_residente`
--

LOCK TABLES `rel_familiar_residente` WRITE;
/*!40000 ALTER TABLE `rel_familiar_residente` DISABLE KEYS */;
INSERT INTO `rel_familiar_residente` VALUES (4,59,'Hija',1),(12,49,'Hijo',1),(12,57,'Sobrino',1),(13,58,'Sobrino',1),(15,61,'Nieto',1),(17,63,'Sobrina-nieta',1),(20,65,'Hermanastra',1),(21,66,'Hija',1),(22,66,'hermano',0),(22,68,'ahijado',1),(24,67,'sobrina',1),(25,68,'sobrino',0),(31,70,'hijo',1),(32,71,'Nieta',1),(33,72,'Hermana',1),(37,59,'nieta',0),(38,70,'Sobrino',0),(39,60,'Sobrina',1),(40,63,'Nieta',0);
/*!40000 ALTER TABLE `rel_familiar_residente` ENABLE KEYS */;
UNLOCK TABLES;

--
-- Table structure for table `residente`
--

DROP TABLE IF EXISTS `residente`;
/*!40101 SET @saved_cs_client     = @@character_set_client */;
/*!40101 SET character_set_client = utf8 */;
CREATE TABLE `residente` (
  `id_residente` int(11) NOT NULL AUTO_INCREMENT,
  `n_expediente` varchar(10) NOT NULL,
  `id_personal_responsable` int(11) DEFAULT NULL,
  `dni_residente` varchar(255) NOT NULL,
  `nombre` varchar(40) NOT NULL,
  `apellido1` varchar(40) NOT NULL,
  `apellido2` varchar(40) NOT NULL,
  `fecha_nacimiento` varchar(40) NOT NULL,
  `discapacidad` longblob NOT NULL,
  `grado_dependencia` int(1) DEFAULT NULL,
  `situacion_medica` longblob NOT NULL,
  `incapacidad_legal` tinyint(1) DEFAULT NULL,
  `fecha_alta` datetime NOT NULL DEFAULT CURRENT_TIMESTAMP,
  `fecha_baja` datetime DEFAULT NULL,
  `motivo_baja` varchar(255) DEFAULT NULL,
  `pai_fecha_elaboracion` datetime DEFAULT NULL,
  `pai_datos_sociosanitarios` longblob,
  `pai_area_social` longblob,
  `pai_area_sanitaria` longblob,
  `pai_area_psicologica` longblob,
  `pai_area_funcional` longblob,
  `pai_area_animacion` longblob,
  PRIMARY KEY (`id_residente`),
  UNIQUE KEY `n_expediente_UNIQUE` (`n_expediente`),
  UNIQUE KEY `dni_residente_UNIQUE` (`dni_residente`),
  KEY `id_personal_responsable_idx` (`id_personal_responsable`),
  CONSTRAINT `id_personal_responsable` FOREIGN KEY (`id_personal_responsable`) REFERENCES `personal` (`id_personal`) ON DELETE SET NULL ON UPDATE CASCADE
) ENGINE=InnoDB AUTO_INCREMENT=73 DEFAULT CHARSET=utf8mb4;
/*!40101 SET character_set_client = @saved_cs_client */;

--
-- Dumping data for table `residente`
--

LOCK TABLES `residente` WRITE;
/*!40000 ALTER TABLE `residente` DISABLE KEYS */;
INSERT INTO `residente` VALUES (49,'VAJ0000',62,'19539541Y','Josefa','Valcarcel','Salamina','12/01/1919','{\"intelectual\":true,\"fisica\":true,\"visual\":true,\"enfermendadMental\":false,\"demencia\":false,\"otraDiscapacidad\":true,\"otraDiscapacidadTexto\":\"Pobre, con esta edad que no va a tener\"}',3,'{\"enfermedadLeve\":true,\"pronosticoReservado\":false,\"tratamCurativo\":false,\"tratamPaliativo\":false,\"tratamFarmaTemp\":false,\"tratamFarmaCron\":true,\"deterioroCognitivo\":true,\"debilidadDebMotriz\":true,\"desorientacion\":true,\"DificultadLenguaje\":true,\"otraSitMedica\":true,\"otraSitMedicaTexto\":\"Bastante tiene ya\"}',NULL,'2020-11-15 13:32:46',NULL,NULL,NULL,NULL,NULL,NULL,NULL,NULL,NULL),(57,'VAJ0001',NULL,'54703198K','Juan','Valcarcel','Salamina','12/01/1919','{\"intelectual\":false,\"fisica\":true,\"visual\":false,\"enfermendadMental\":true,\"demencia\":false,\"otraDiscapacidad\":false,\"otraDiscapacidadTexto\":\"\"}',2,'{\"enfermedadLeve\":true,\"pronosticoReservado\":false,\"tratamCurativo\":false,\"tratamPaliativo\":true,\"tratamFarmaTemp\":false,\"tratamFarmaCron\":false,\"deterioroCognitivo\":true,\"debilidadDebMotriz\":false,\"desorientacion\":false,\"DificultadLenguaje\":true,\"otraSitMedica\":true,\"otraSitMedicaTexto\":\"Sufre de gota\"}',1,'2020-11-15 13:48:57',NULL,NULL,'2021-01-03 10:34:34','{\"lugarNacimiento\":\"\",\"EstadoCivil\":\"\",\"otrasEstadoCivil\":\"\",\"NSS\":\"\",\"centroSalud\":\"\",\"antecedentesLaborales\":\"\",\"formacion\":\"\",\"historiaVida\":\"\",\"otrosDatosBiografia\":\"\"}','{\"Autodeterminacion\":\"\",\"FacultadesMentales\":\"\",\"otrasAutodeterminacion\":\"\",\"otrasFacultadesMentales\":\"\",\"ultimasVoluntades\":\"\",\"situacionDesproteccion\":\"\",\"otrasSituacionLegal\":\"\",\"HabitosOcio\":\"\",\"otrasHabitosOcio\":\"\",\"poseeCreencias\":\"\",\"FrecuenciaServicio\":\"\",\"otrasFrecuenciaServicio\":\"\",\"otrasAreaCreencias\":\"\",\"gestionesAdministrativas\":\"\",\"otrasGestionesAdministrativas\":\"\",\"detalleGestiones\":\"\",\"ConvivenciaAnterior\":\"\",\"otrasConvivenciaAnterior\":\"\",\"causasIngreso\":\"\",\"RedSocial\":\"\",\"redFamiliar\":\"\",\"otrasRedSocial\":\"\",\"otrasRedFamiliar\":\"\",\"familiaresRedFamiliar\":\"\",\"regimenSalidas\":\"\",\"regimenVisitas\":\"\",\"otrasIniciativa\":\"\",\"IniciativaSocial\":\"\",\"otrasIniciativaSocial\":\"\",\"objetivosAreaSocial\":\"\",\"accionesAreaSocial\":\"\",\"responsableAreaSocial\":\"\",\"creyente\":false,\"acudeServicios\":false,\"noCreyente\":false,\"otrasCreencias\":false}','{\"diagnosticosPasados\":\"\",\"diagnosticosPresentes\":\"\",\"ingesosHospitalarios\":\"\",\"intervencionesQuirurgicas\":\"\",\"otrasSituacioSanitaria\":\"\",\"datosTratamientos\":\"\",\"undefined\":\"\",\"estadoPiel\":\"\",\"estadoPielUnas\":\"\",\"gradoUlceraVascular\":\"\",\"tratamientosUlceraVascular\":\"\",\"otrosDatosUlceraVascular\":\"\",\"otrosProblemasCutaneos\":\"\",\"otrosPiel\":\"\",\"estadoBoca\":\"\",\"altracionesIngesta\":\"\",\"otrasModifPesoTexto\":\"\",\"utensiliosEspecialesTexto\":\"\",\"otrosMetodosTexto\":\"\",\"otrasAlergiasTexto\":\"\",\"dieta\":\"\",\"balanceHidrico\":\"\",\"otrosNutricion\":\"\",\"otrosRitmoIntestinalTexto\":\"\",\"otrosDispositivosTexto\":\"\",\"otrosPatronEliminacion\":\"\",\"nivelAutonomía\":\"\",\"marchaMovivilidad\":\"\",\"otrasAyudasTecnicasTexto\":\"\",\"otrasEncamamentoTexto\":\"\",\"metodosMecanicosTranferenciaTexto\":\"\",\"metodosManualesTranferenciaTexto\":\"\",\"otrosMovilidad\":\"\",\"datosSueno\":\"\",\"comentarioOlvidosEsporadicos\":\"\",\"comentarioOlvidosFrecuentes\":\"\",\"otrasMemoriaTexto\":\"\",\"tomaDecisiones\":\"\",\"otrasAlteracionConducta\":\"\",\"datosSeguridad\":\"\",\"MarchaEquilibrio\":\"\",\"otrasMarchaEquilibrio\":\"\",\"equilibrio\":\"\",\"tonoMuscular\":\"\",\"fuerza\":\"\",\"otrasMarchaEquilibrioGeneral\":\"\",\"datosLimitacionMovilidad\":\"\",\"datosPotencialRecuperacion\":\"\",\"objetivosAreaSanitaria\":\"\",\"accionesAreaSanitaria\":\"\",\"responsableAreaSanitaria\":\"\",\"ulcerasPiel\":false,\"desnutricion\":false,\"obesidad\":false,\"trastornoAlimenticio\":false,\"otrasModifPeso\":false,\"parental\":false,\"sonda\":false,\"jeringa\":false,\"Suplemento\":false,\"utensiliosEspeciales\":false,\"otrosMetodosNutricion\":false,\"gluten\":false,\"lactosa\":false,\"fructosa\":false,\"sacarosa\":false,\"otrasAlergias\":false,\"fecal\":false,\"urinaria\":false,\"ritmoRegular\":false,\"estrenimiento\":false,\"diarrea\":false,\"otrosRitmoIntestinal\":false,\"absorbentes\":false,\"ostomia\":false,\"otrosDispositivos\":false,\"ayudasTécnicas\":false,\"baston\":false,\"andador\":false,\"muleta\":false,\"sillaRuedas\":false,\"otrasAyudasTecnicas\":false,\"encamamiento\":false,\"temporal\":false,\"permanente\":false,\"otrasEncamamento\":false,\"metodosTransferencia\":false,\"metodosMecanicosTranferencia\":false,\"metodosManualesTranferencia\":false,\"olvidosEsporadicos\":false,\"olvidosFrecuentes\":false,\"deterioroMemoria\":false,\"dificultadReconocimiento\":false,\"otrasMemoria\":false,\"dolor\":{\"FrecuenciaCabeza\":\"\",\"IntensidadCabeza\":\"\",\"otrasFrecuenciaCabeza\":\"\",\"otrasIntensidadCabeza\":\"\",\"FrecuenciaCuello\":\"\",\"IntensidadCuello\":\"\",\"otrasFrecuenciaCuello\":\"\",\"otrasIntensidadCuello\":\"\",\"FrecuenciaEspalda\":\"\",\"IntensidadEspalda\":\"\",\"otrasFrecuenciaEspalda\":\"\",\"otrasIntensidadEspalda\":\"\",\"FrecuenciaBrazoDerecho\":\"\",\"IntensidadBrazoDerecho\":\"\",\"otrasFrecuenciaBrazoDerecho\":\"\",\"otrasIntensidadBrazoDerecho\":\"\",\"FrecuenciaBrazoIzquierdo\":\"\",\"IntensidadBrazoIzquierdo\":\"\",\"otrasFrecuenciaBrazoIzquierdo\":\"\",\"otrasIntensidadBrazoIzquierdo\":\"\",\"FrecuenciaPiernaDerecha\":\"\",\"IntensidadPiernaDerecha\":\"\",\"otrasFrecuenciaPiernaDerecha\":\"\",\"otrasIntensidadPiernaDerecha\":\"\",\"FrecuenciaPiernaIzquierda\":\"\",\"IntensidadPiernaIzquierda\":\"\",\"otrasFrecuenciaPiernaIzquierda\":\"\",\"otrasIntensidadPiernaIzquierda\":\"\",\"FrecuenciaPieDerecho\":\"\",\"IntensidadPieDerecho\":\"\",\"otrasFrecuenciaPieDerecho\":\"\",\"otrasIntensidadPieDerecho\":\"\",\"FrecuenciaPieIzquierdo\":\"\",\"IntensidadPieIzquierdo\":\"\",\"otrasFrecuenciaPieIzquierdo\":\"\",\"otrasIntensidadPieIzquierdo\":\"\",\"FrecuenciaOtrasLocalizacionDolor\":\"\",\"IntensidadOtrasLocalizacionDolor\":\"\",\"otrasFrecuenciaOtrasLocalizacionDolor\":\"\",\"otrasIntensidadOtrasLocalizacionDolor\":\"\",\"otrosDolor\":\"\",\"Cabeza\":false,\"Cuello\":false,\"Espalda\":false,\"BrazoDerecho\":false,\"BrazoIzquierdo\":false,\"PiernaDerecha\":false,\"PiernaIzquierda\":false,\"PieDerecho\":false,\"PieIzquierdo\":false,\"OtrasLocalizacionDolor\":false}}','{\"orientacionTemporal\":\"\",\"orientacionEspacial\":\"\",\"orientacionPersonal\":\"\",\"EstadoMemoria\":\"\",\"otrasEstadoMemoria\":\"\",\"tomaDecisiones\":\"\",\"deterioroCognitivo\":\"\",\"otrosValoracionCognitiva\":\"\",\"otrosValoracionAfectivaTexto\":\"\",\"antecedentesPsiquiatricosTexto\":\"\",\"comportamientoInadecuadoTexto\":\"\",\"otrosTrastornoConductaTexto\":\"\",\"objetivosAreaSocial\":\"\",\"accionesAreaSocial\":\"\",\"responsableAreaSocial\":\"\",\"afliccion\":false,\"dificultadesSueno\":false,\"tristeza\":false,\"ansiedad\":false,\"perdidaInteres\":false,\"apetito\":false,\"CambiosAnimo\":false,\"ideaMuerte\":false,\"quejasSomaticas\":false,\"otrosValoracionAfectiva\":false,\"demenciaFamiliar\":false,\"antecedentesPsiquiatricos\":false,\"deambulacion\":false,\"lenguajeOfensivo\":false,\"agresividadFisica\":false,\"rechazoCuidados\":false,\"delirios\":false,\"agitacionPsicomotriz\":false,\"alucinaciones\":false,\"comportamientoInadecuado\":false,\"otrosTrastornoConducta\":false}','{\"Ducha\":\"\",\"otrasDucha\":\"\",\"Aseo\":\"\",\"otrasAseo\":\"\",\"Vestido\":\"\",\"otrasVestido\":\"\",\"UsoRetrete\":\"\",\"otrasUsoRetrete\":\"\",\"otrasDeambulacionTexto\":\"\",\"Transferencias\":\"\",\"otrasTransferencias\":\"\",\"Alimentacion\":\"\",\"otrasAlimentacion\":\"\",\"usoTelefono\":\"\",\"manejoDinero\":\"\",\"otrasActividadesInstrumental\":\"\",\"objetivosAreaFuncional\":\"\",\"accionesAreaFuncional\":\"\",\"responsableAreaFuncional\":\"\",\"rehabilitacion\":false,\"ayudaDesplazamiento\":false,\"ayudaTecnicas\":false,\"otrasDeambulacion\":false}','{\"Aficiones\":\"\",\"otrasAficiones\":\"\",\"otrasTiempoLibreTexto\":\"\",\"relacionarseRange\":\"50\",\"actividadesRange\":\"50\",\"actividadesPlanificadasRange\":\"50\",\"iniciativaPropiaRange\":\"50\",\"otrasActividadesTexto\":\"\",\"objetivosAreaAnimacion\":\"\",\"accionesAreaAnimacion\":\"\",\"responsableAreaAnimacion\":\"\",\"actividadesManuales\":false,\"juegosMesa\":false,\"leer\":false,\"tv\":false,\"otrasTiempoLibre\":false,\"objetivosPropios\":false,\"otrasActividades\":false}'),(58,'CAJ0000',53,'78185971R','Jose Antonio','Camacho','Miranda','28/12/1939','{\"intelectual\":false,\"fisica\":false,\"visual\":false,\"enfermendadMental\":true,\"demencia\":false,\"otraDiscapacidad\":true,\"otraDiscapacidadTexto\":\"Discapacidad auditiva\"}',1,'{\"enfermedadLeve\":true,\"pronosticoReservado\":false,\"tratamCurativo\":false,\"tratamPaliativo\":false,\"tratamFarmaTemp\":false,\"tratamFarmaCron\":false,\"deterioroCognitivo\":false,\"debilidadDebMotriz\":false,\"desorientacion\":false,\"DificultadLenguaje\":false,\"otraSitMedica\":false,\"otraSitMedicaTexto\":\"\"}',0,'2020-11-03 17:01:16',NULL,NULL,'2021-01-02 23:04:18','{\"lugarNacimiento\":\"\",\"EstadoCivil\":\"\",\"otrasEstadoCivil\":\"\",\"NSS\":\"\",\"centroSalud\":\"\",\"antecedentesLaborales\":\"\",\"formacion\":\"\",\"historiaVida\":\"\",\"otrosDatosBiografia\":\"\"}','{\"Autodeterminacion\":\"\",\"FacultadesMentales\":\"\",\"otrasAutodeterminacion\":\"\",\"otrasFacultadesMentales\":\"\",\"ultimasVoluntades\":\"\",\"situacionDesproteccion\":\"\",\"otrasSituacionLegal\":\"\",\"HabitosOcio\":\"\",\"otrasHabitosOcio\":\"\",\"poseeCreencias\":\"\",\"FrecuenciaServicio\":\"\",\"otrasFrecuenciaServicio\":\"\",\"otrasAreaCreencias\":\"\",\"gestionesAdministrativas\":\"\",\"otrasGestionesAdministrativas\":\"\",\"detalleGestiones\":\"\",\"ConvivenciaAnterior\":\"\",\"otrasConvivenciaAnterior\":\"\",\"causasIngreso\":\"\",\"RedSocial\":\"\",\"redFamiliar\":\"\",\"otrasRedSocial\":\"\",\"otrasRedFamiliar\":\"\",\"familiaresRedFamiliar\":\"\",\"regimenSalidas\":\"\",\"regimenVisitas\":\"\",\"otrasIniciativa\":\"\",\"IniciativaSocial\":\"\",\"otrasIniciativaSocial\":\"\",\"objetivosAreaSocial\":\"\",\"accionesAreaSocial\":\"\",\"responsableAreaSocial\":\"\",\"creyente\":false,\"acudeServicios\":false,\"noCreyente\":false,\"otrasCreencias\":false}','{\"diagnosticosPasados\":\"\",\"diagnosticosPresentes\":\"\",\"ingesosHospitalarios\":\"\",\"intervencionesQuirurgicas\":\"\",\"otrasSituacioSanitaria\":\"\",\"datosTratamientos\":\"\",\"undefined\":\"\",\"estadoPiel\":\"\",\"estadoPielUnas\":\"\",\"gradoUlceraVascular\":\"\",\"tratamientosUlceraVascular\":\"\",\"otrosDatosUlceraVascular\":\"\",\"otrosProblemasCutaneos\":\"\",\"otrosPiel\":\"\",\"estadoBoca\":\"\",\"altracionesIngesta\":\"\",\"otrasModifPesoTexto\":\"\",\"utensiliosEspecialesTexto\":\"\",\"otrosMetodosTexto\":\"\",\"otrasAlergiasTexto\":\"\",\"dieta\":\"\",\"balanceHidrico\":\"\",\"otrosNutricion\":\"\",\"otrosRitmoIntestinalTexto\":\"\",\"otrosDispositivosTexto\":\"\",\"otrosPatronEliminacion\":\"\",\"nivelAutonomía\":\"\",\"marchaMovivilidad\":\"\",\"otrasAyudasTecnicasTexto\":\"\",\"otrasEncamamentoTexto\":\"\",\"metodosMecanicosTranferenciaTexto\":\"\",\"metodosManualesTranferenciaTexto\":\"\",\"otrosMovilidad\":\"\",\"datosSueno\":\"\",\"comentarioOlvidosEsporadicos\":\"\",\"comentarioOlvidosFrecuentes\":\"\",\"otrasMemoriaTexto\":\"\",\"tomaDecisiones\":\"\",\"otrasAlteracionConducta\":\"\",\"datosSeguridad\":\"\",\"MarchaEquilibrio\":\"\",\"otrasMarchaEquilibrio\":\"\",\"equilibrio\":\"\",\"tonoMuscular\":\"\",\"fuerza\":\"\",\"otrasMarchaEquilibrioGeneral\":\"\",\"datosLimitacionMovilidad\":\"\",\"datosPotencialRecuperacion\":\"\",\"objetivosAreaSanitaria\":\"\",\"accionesAreaSanitaria\":\"\",\"responsableAreaSanitaria\":\"\",\"ulcerasPiel\":false,\"desnutricion\":false,\"obesidad\":false,\"trastornoAlimenticio\":false,\"otrasModifPeso\":false,\"parental\":false,\"sonda\":false,\"jeringa\":false,\"Suplemento\":false,\"utensiliosEspeciales\":false,\"otrosMetodosNutricion\":false,\"gluten\":false,\"lactosa\":false,\"fructosa\":false,\"sacarosa\":false,\"otrasAlergias\":false,\"fecal\":false,\"urinaria\":false,\"ritmoRegular\":false,\"estrenimiento\":false,\"diarrea\":false,\"otrosRitmoIntestinal\":false,\"absorbentes\":false,\"ostomia\":false,\"otrosDispositivos\":false,\"ayudasTécnicas\":false,\"baston\":false,\"andador\":false,\"muleta\":false,\"sillaRuedas\":false,\"otrasAyudasTecnicas\":false,\"encamamiento\":false,\"temporal\":false,\"permanente\":false,\"otrasEncamamento\":false,\"metodosTransferencia\":false,\"metodosMecanicosTranferencia\":false,\"metodosManualesTranferencia\":false,\"olvidosEsporadicos\":false,\"olvidosFrecuentes\":false,\"deterioroMemoria\":false,\"dificultadReconocimiento\":false,\"otrasMemoria\":false,\"dolor\":{\"FrecuenciaCabeza\":\"\",\"IntensidadCabeza\":\"\",\"otrasFrecuenciaCabeza\":\"\",\"otrasIntensidadCabeza\":\"\",\"FrecuenciaCuello\":\"\",\"IntensidadCuello\":\"\",\"otrasFrecuenciaCuello\":\"\",\"otrasIntensidadCuello\":\"\",\"FrecuenciaEspalda\":\"\",\"IntensidadEspalda\":\"\",\"otrasFrecuenciaEspalda\":\"\",\"otrasIntensidadEspalda\":\"\",\"FrecuenciaBrazoDerecho\":\"\",\"IntensidadBrazoDerecho\":\"\",\"otrasFrecuenciaBrazoDerecho\":\"\",\"otrasIntensidadBrazoDerecho\":\"\",\"FrecuenciaBrazoIzquierdo\":\"\",\"IntensidadBrazoIzquierdo\":\"\",\"otrasFrecuenciaBrazoIzquierdo\":\"\",\"otrasIntensidadBrazoIzquierdo\":\"\",\"FrecuenciaPiernaDerecha\":\"\",\"IntensidadPiernaDerecha\":\"\",\"otrasFrecuenciaPiernaDerecha\":\"\",\"otrasIntensidadPiernaDerecha\":\"\",\"FrecuenciaPiernaIzquierda\":\"\",\"IntensidadPiernaIzquierda\":\"\",\"otrasFrecuenciaPiernaIzquierda\":\"\",\"otrasIntensidadPiernaIzquierda\":\"\",\"FrecuenciaPieDerecho\":\"\",\"IntensidadPieDerecho\":\"\",\"otrasFrecuenciaPieDerecho\":\"\",\"otrasIntensidadPieDerecho\":\"\",\"FrecuenciaPieIzquierdo\":\"\",\"IntensidadPieIzquierdo\":\"\",\"otrasFrecuenciaPieIzquierdo\":\"\",\"otrasIntensidadPieIzquierdo\":\"\",\"FrecuenciaOtrasLocalizacionDolor\":\"\",\"IntensidadOtrasLocalizacionDolor\":\"\",\"otrasFrecuenciaOtrasLocalizacionDolor\":\"\",\"otrasIntensidadOtrasLocalizacionDolor\":\"\",\"otrosDolor\":\"\",\"Cabeza\":false,\"Cuello\":false,\"Espalda\":false,\"BrazoDerecho\":false,\"BrazoIzquierdo\":false,\"PiernaDerecha\":false,\"PiernaIzquierda\":false,\"PieDerecho\":false,\"PieIzquierdo\":false,\"OtrasLocalizacionDolor\":false}}','{\"orientacionTemporal\":\"\",\"orientacionEspacial\":\"\",\"orientacionPersonal\":\"\",\"EstadoMemoria\":\"\",\"otrasEstadoMemoria\":\"\",\"tomaDecisiones\":\"\",\"deterioroCognitivo\":\"\",\"otrosValoracionCognitiva\":\"\",\"otrosValoracionAfectivaTexto\":\"\",\"antecedentesPsiquiatricosTexto\":\"\",\"comportamientoInadecuadoTexto\":\"\",\"otrosTrastornoConductaTexto\":\"\",\"objetivosAreaSocial\":\"\",\"accionesAreaSocial\":\"\",\"responsableAreaSocial\":\"\",\"afliccion\":false,\"dificultadesSueno\":false,\"tristeza\":false,\"ansiedad\":false,\"perdidaInteres\":false,\"apetito\":false,\"CambiosAnimo\":false,\"ideaMuerte\":false,\"quejasSomaticas\":false,\"otrosValoracionAfectiva\":false,\"demenciaFamiliar\":false,\"antecedentesPsiquiatricos\":false,\"deambulacion\":false,\"lenguajeOfensivo\":false,\"agresividadFisica\":false,\"rechazoCuidados\":false,\"delirios\":false,\"agitacionPsicomotriz\":false,\"alucinaciones\":false,\"comportamientoInadecuado\":false,\"otrosTrastornoConducta\":false}','{\"Ducha\":\"\",\"otrasDucha\":\"\",\"Aseo\":\"\",\"otrasAseo\":\"\",\"Vestido\":\"\",\"otrasVestido\":\"\",\"UsoRetrete\":\"\",\"otrasUsoRetrete\":\"\",\"otrasDeambulacionTexto\":\"\",\"Transferencias\":\"\",\"otrasTransferencias\":\"\",\"Alimentacion\":\"\",\"otrasAlimentacion\":\"\",\"usoTelefono\":\"\",\"manejoDinero\":\"\",\"otrasActividadesInstrumental\":\"\",\"objetivosAreaFuncional\":\"\",\"accionesAreaFuncional\":\"\",\"responsableAreaFuncional\":\"\",\"rehabilitacion\":false,\"ayudaDesplazamiento\":false,\"ayudaTecnicas\":false,\"otrasDeambulacion\":false}','{\"Aficiones\":\"\",\"otrasAficiones\":\"\",\"otrasTiempoLibreTexto\":\"\",\"relacionarseRange\":\"50\",\"actividadesRange\":\"50\",\"actividadesPlanificadasRange\":\"50\",\"iniciativaPropiaRange\":\"50\",\"otrasActividadesTexto\":\"\",\"objetivosAreaAnimacion\":\"\",\"accionesAreaAnimacion\":\"\",\"responsableAreaAnimacion\":\"\",\"actividadesManuales\":false,\"juegosMesa\":false,\"leer\":false,\"tv\":false,\"otrasTiempoLibre\":false,\"objetivosPropios\":false,\"otrasActividades\":false}'),(59,'VÁF0000',56,'52124821J','Fuensanta','Vázquez','Romero','23/04/1915','{\"intelectual\":false,\"fisica\":false,\"visual\":false,\"enfermendadMental\":true,\"demencia\":true,\"otraDiscapacidad\":false,\"otraDiscapacidadTexto\":\"\"}',3,'{\"enfermedadLeve\":false,\"pronosticoReservado\":false,\"tratamCurativo\":false,\"tratamPaliativo\":false,\"tratamFarmaTemp\":false,\"tratamFarmaCron\":true,\"deterioroCognitivo\":false,\"debilidadDebMotriz\":true,\"desorientacion\":false,\"DificultadLenguaje\":true,\"otraSitMedica\":true,\"otraSitMedicaTexto\":\"Fatal todo\"}',0,'2020-11-15 17:04:37',NULL,NULL,'2021-01-07 19:51:59','{\"lugarNacimiento\":\"\",\"EstadoCivil\":\"\",\"otrasEstadoCivil\":\"\",\"NSS\":\"\",\"centroSalud\":\"\",\"antecedentesLaborales\":\"\",\"formacion\":\"\",\"historiaVida\":\"\",\"otrosDatosBiografia\":\"\"}','{\"Autodeterminacion\":\"\",\"FacultadesMentales\":\"\",\"otrasAutodeterminacion\":\"\",\"otrasFacultadesMentales\":\"\",\"ultimasVoluntades\":\"\",\"situacionDesproteccion\":\"\",\"otrasSituacionLegal\":\"\",\"HabitosOcio\":\"\",\"otrasHabitosOcio\":\"\",\"poseeCreencias\":\"\",\"FrecuenciaServicio\":\"\",\"otrasFrecuenciaServicio\":\"\",\"otrasAreaCreencias\":\"\",\"gestionesAdministrativas\":\"\",\"otrasGestionesAdministrativas\":\"\",\"detalleGestiones\":\"\",\"ConvivenciaAnterior\":\"\",\"otrasConvivenciaAnterior\":\"\",\"causasIngreso\":\"\",\"RedSocial\":\"\",\"redFamiliar\":\"\",\"otrasRedSocial\":\"\",\"otrasRedFamiliar\":\"\",\"familiaresRedFamiliar\":\"\",\"regimenSalidas\":\"\",\"regimenVisitas\":\"\",\"otrasIniciativa\":\"\",\"IniciativaSocial\":\"\",\"otrasIniciativaSocial\":\"\",\"objetivosAreaSocial\":\"\",\"accionesAreaSocial\":\"\",\"responsableAreaSocial\":\"\",\"creyente\":false,\"acudeServicios\":false,\"noCreyente\":false,\"otrasCreencias\":false}','{\"diagnosticosPasados\":\"\",\"diagnosticosPresentes\":\"\",\"ingesosHospitalarios\":\"\",\"intervencionesQuirurgicas\":\"\",\"otrasSituacioSanitaria\":\"\",\"datosTratamientos\":\"\",\"undefined\":\"\",\"estadoPiel\":\"\",\"estadoPielUnas\":\"\",\"gradoUlceraVascular\":\"\",\"tratamientosUlceraVascular\":\"\",\"otrosDatosUlceraVascular\":\"\",\"otrosProblemasCutaneos\":\"\",\"otrosPiel\":\"\",\"estadoBoca\":\"\",\"altracionesIngesta\":\"\",\"otrasModifPesoTexto\":\"\",\"utensiliosEspecialesTexto\":\"\",\"otrosMetodosTexto\":\"\",\"otrasAlergiasTexto\":\"\",\"dieta\":\"\",\"balanceHidrico\":\"\",\"otrosNutricion\":\"\",\"otrosRitmoIntestinalTexto\":\"\",\"otrosDispositivosTexto\":\"\",\"otrosPatronEliminacion\":\"\",\"nivelAutonomía\":\"\",\"marchaMovivilidad\":\"\",\"otrasAyudasTecnicasTexto\":\"\",\"otrasEncamamentoTexto\":\"\",\"metodosMecanicosTranferenciaTexto\":\"\",\"metodosManualesTranferenciaTexto\":\"\",\"otrosMovilidad\":\"\",\"datosSueno\":\"<p><br></p>\",\"comentarioOlvidosEsporadicos\":\"\",\"comentarioOlvidosFrecuentes\":\"\",\"otrasMemoriaTexto\":\"\",\"tomaDecisiones\":\"\",\"otrasAlteracionConducta\":\"\",\"datosSeguridad\":\"<p><br></p>\",\"MarchaEquilibrio\":\"\",\"otrasMarchaEquilibrio\":\"\",\"equilibrio\":\"\",\"tonoMuscular\":\"\",\"fuerza\":\"\",\"otrasMarchaEquilibrioGeneral\":\"\",\"datosLimitacionMovilidad\":\"<p><br></p>\",\"datosPotencialRecuperacion\":\"<p><br></p>\",\"objetivosAreaSanitaria\":\"\",\"accionesAreaSanitaria\":\"\",\"responsableAreaSanitaria\":\"\",\"ulcerasPiel\":false,\"desnutricion\":false,\"obesidad\":false,\"trastornoAlimenticio\":false,\"otrasModifPeso\":false,\"parental\":false,\"sonda\":false,\"jeringa\":false,\"Suplemento\":false,\"utensiliosEspeciales\":false,\"otrosMetodosNutricion\":false,\"gluten\":false,\"lactosa\":false,\"fructosa\":false,\"sacarosa\":false,\"otrasAlergias\":false,\"fecal\":false,\"urinaria\":false,\"ritmoRegular\":false,\"estrenimiento\":false,\"diarrea\":false,\"otrosRitmoIntestinal\":false,\"absorbentes\":false,\"ostomia\":false,\"otrosDispositivos\":false,\"ayudasTécnicas\":false,\"baston\":false,\"andador\":false,\"muleta\":false,\"sillaRuedas\":false,\"otrasAyudasTecnicas\":false,\"encamamiento\":false,\"temporal\":false,\"permanente\":false,\"otrasEncamamento\":false,\"metodosTransferencia\":false,\"metodosMecanicosTranferencia\":false,\"metodosManualesTranferencia\":false,\"olvidosEsporadicos\":false,\"olvidosFrecuentes\":false,\"deterioroMemoria\":false,\"dificultadReconocimiento\":false,\"otrasMemoria\":false,\"dolor\":{\"FrecuenciaCabeza\":\"puntual\",\"IntensidadCabeza\":\"alta\",\"otrasFrecuenciaCabeza\":\"\",\"otrasIntensidadCabeza\":\"\",\"FrecuenciaCuello\":\"\",\"IntensidadCuello\":\"\",\"otrasFrecuenciaCuello\":\"\",\"otrasIntensidadCuello\":\"\",\"FrecuenciaEspalda\":\"otras\",\"IntensidadEspalda\":\"otras\",\"otrasFrecuenciaEspalda\":\"A veces duerme mal\",\"otrasIntensidadEspalda\":\"de leve a moderada\",\"FrecuenciaBrazoDerecho\":\"\",\"IntensidadBrazoDerecho\":\"\",\"otrasFrecuenciaBrazoDerecho\":\"\",\"otrasIntensidadBrazoDerecho\":\"\",\"FrecuenciaBrazoIzquierdo\":\"\",\"IntensidadBrazoIzquierdo\":\"\",\"otrasFrecuenciaBrazoIzquierdo\":\"\",\"otrasIntensidadBrazoIzquierdo\":\"\",\"FrecuenciaPiernaDerecha\":\"\",\"IntensidadPiernaDerecha\":\"\",\"otrasFrecuenciaPiernaDerecha\":\"\",\"otrasIntensidadPiernaDerecha\":\"\",\"FrecuenciaPiernaIzquierda\":\"\",\"IntensidadPiernaIzquierda\":\"\",\"otrasFrecuenciaPiernaIzquierda\":\"\",\"otrasIntensidadPiernaIzquierda\":\"\",\"FrecuenciaPieDerecho\":\"\",\"IntensidadPieDerecho\":\"\",\"otrasFrecuenciaPieDerecho\":\"\",\"otrasIntensidadPieDerecho\":\"\",\"FrecuenciaPieIzquierdo\":\"continua\",\"IntensidadPieIzquierdo\":\"baja\",\"otrasFrecuenciaPieIzquierdo\":\"\",\"otrasIntensidadPieIzquierdo\":\"\",\"FrecuenciaOtrasLocalizacionDolor\":\"otras\",\"IntensidadOtrasLocalizacionDolor\":\"otras\",\"otrasFrecuenciaOtrasLocalizacionDolor\":\"dolores en la muñeca izquierda, fecuentes\",\"otrasIntensidadOtrasLocalizacionDolor\":\"moderada\",\"otrosDolor\":\"Dolores que empeoran en invierno\",\"Cabeza\":true,\"Cuello\":false,\"Espalda\":true,\"BrazoDerecho\":false,\"BrazoIzquierdo\":false,\"PiernaDerecha\":false,\"PiernaIzquierda\":false,\"PieDerecho\":false,\"PieIzquierdo\":true,\"OtrasLocalizacionDolor\":true}}','{\"orientacionTemporal\":\"\",\"orientacionEspacial\":\"\",\"orientacionPersonal\":\"\",\"EstadoMemoria\":\"\",\"otrasEstadoMemoria\":\"\",\"tomaDecisiones\":\"\",\"deterioroCognitivo\":\"\",\"otrosValoracionCognitiva\":\"\",\"otrosValoracionAfectivaTexto\":\"\",\"antecedentesPsiquiatricosTexto\":\"\",\"comportamientoInadecuadoTexto\":\"\",\"otrosTrastornoConductaTexto\":\"\",\"objetivosAreaPsicologica\":\"\",\"accionesAreaPsicologica\":\"\",\"responsableAreaPsicologica\":\"\",\"afliccion\":false,\"dificultadesSueno\":false,\"tristeza\":false,\"ansiedad\":false,\"perdidaInteres\":false,\"apetito\":false,\"CambiosAnimo\":false,\"ideaMuerte\":false,\"quejasSomaticas\":false,\"otrosValoracionAfectiva\":false,\"demenciaFamiliar\":false,\"antecedentesPsiquiatricos\":false,\"deambulacion\":false,\"lenguajeOfensivo\":false,\"agresividadFisica\":false,\"rechazoCuidados\":false,\"delirios\":false,\"agitacionPsicomotriz\":false,\"alucinaciones\":false,\"comportamientoInadecuado\":false,\"otrosTrastornoConducta\":false}','{\"Ducha\":\"\",\"otrasDucha\":\"\",\"Aseo\":\"\",\"otrasAseo\":\"\",\"Vestido\":\"\",\"otrasVestido\":\"\",\"UsoRetrete\":\"\",\"otrasUsoRetrete\":\"\",\"otrasDeambulacionTexto\":\"\",\"Transferencias\":\"\",\"otrasTransferencias\":\"\",\"Alimentacion\":\"\",\"otrasAlimentacion\":\"\",\"usoTelefono\":\"\",\"manejoDinero\":\"\",\"otrasActividadesInstrumental\":\"\",\"objetivosAreaFuncional\":\"\",\"accionesAreaFuncional\":\"\",\"responsableAreaFuncional\":\"\",\"rehabilitacion\":false,\"ayudaDesplazamiento\":false,\"ayudaTecnicas\":false,\"otrasDeambulacion\":false}','{\"Aficiones\":\"\",\"otrasAficiones\":\"\",\"otrasTiempoLibreTexto\":\"\",\"relacionarseRange\":\"50\",\"actividadesRange\":\"50\",\"actividadesPlanificadasRange\":\"50\",\"iniciativaPropiaRange\":\"50\",\"otrasActividadesTexto\":\"\",\"objetivosAreaAnimacion\":\"\",\"accionesAreaAnimacion\":\"\",\"responsableAreaAnimacion\":\"\",\"actividadesManuales\":false,\"juegosMesa\":false,\"leer\":false,\"tv\":false,\"otrasTiempoLibre\":false,\"objetivosPropios\":false,\"otrasActividades\":false}'),(60,'DOL0000',61,'91871423Q','Leonora','Dominica','Gutiérrez','20/10/1940','{\"intelectual\":true,\"fisica\":true,\"visual\":true,\"enfermendadMental\":false,\"demencia\":false,\"otraDiscapacidad\":false,\"otraDiscapacidadTexto\":\"\"}',1,'{\"enfermedadLeve\":true,\"pronosticoReservado\":true,\"tratamCurativo\":false,\"tratamPaliativo\":false,\"tratamFarmaTemp\":false,\"tratamFarmaCron\":false,\"deterioroCognitivo\":false,\"debilidadDebMotriz\":false,\"desorientacion\":false,\"DificultadLenguaje\":true,\"otraSitMedica\":false,\"otraSitMedicaTexto\":\"\"}',NULL,'2020-11-15 17:22:06',NULL,NULL,NULL,NULL,NULL,NULL,NULL,NULL,NULL),(61,'DÍA0000',53,'97949633Q','Antonia','Díaz','Marquez','30/08/1933','{\"intelectual\":false,\"fisica\":false,\"visual\":false,\"enfermendadMental\":false,\"demencia\":false,\"otraDiscapacidad\":true,\"otraDiscapacidadTexto\":\"Auditiva\"}',1,'{\"enfermedadLeve\":true,\"pronosticoReservado\":false,\"tratamCurativo\":true,\"tratamPaliativo\":false,\"tratamFarmaTemp\":false,\"tratamFarmaCron\":false,\"deterioroCognitivo\":false,\"debilidadDebMotriz\":false,\"desorientacion\":false,\"DificultadLenguaje\":false,\"otraSitMedica\":true,\"otraSitMedicaTexto\":\"situación médica\"}',0,'2020-11-15 21:15:24',NULL,NULL,'2021-01-03 10:40:11','{\"lugarNacimiento\":\"\",\"EstadoCivil\":\"\",\"otrasEstadoCivil\":\"\",\"NSS\":\"\",\"centroSalud\":\"\",\"antecedentesLaborales\":\"\",\"formacion\":\"\",\"historiaVida\":\"\",\"otrosDatosBiografia\":\"\"}','{\"Autodeterminacion\":\"\",\"FacultadesMentales\":\"\",\"otrasAutodeterminacion\":\"\",\"otrasFacultadesMentales\":\"\",\"ultimasVoluntades\":\"\",\"situacionDesproteccion\":\"\",\"otrasSituacionLegal\":\"\",\"HabitosOcio\":\"\",\"otrasHabitosOcio\":\"\",\"poseeCreencias\":\"\",\"FrecuenciaServicio\":\"\",\"otrasFrecuenciaServicio\":\"\",\"otrasAreaCreencias\":\"\",\"gestionesAdministrativas\":\"\",\"otrasGestionesAdministrativas\":\"\",\"detalleGestiones\":\"\",\"ConvivenciaAnterior\":\"\",\"otrasConvivenciaAnterior\":\"\",\"causasIngreso\":\"\",\"RedSocial\":\"\",\"redFamiliar\":\"\",\"otrasRedSocial\":\"\",\"otrasRedFamiliar\":\"\",\"familiaresRedFamiliar\":\"\",\"regimenSalidas\":\"\",\"regimenVisitas\":\"\",\"otrasIniciativa\":\"\",\"IniciativaSocial\":\"\",\"otrasIniciativaSocial\":\"\",\"objetivosAreaSocial\":\"\",\"accionesAreaSocial\":\"\",\"responsableAreaSocial\":\"\",\"creyente\":false,\"acudeServicios\":false,\"noCreyente\":false,\"otrasCreencias\":false}','{\"diagnosticosPasados\":\"\",\"diagnosticosPresentes\":\"\",\"ingesosHospitalarios\":\"\",\"intervencionesQuirurgicas\":\"\",\"otrasSituacioSanitaria\":\"\",\"datosTratamientos\":\"\",\"undefined\":\"\",\"estadoPiel\":\"\",\"estadoPielUnas\":\"\",\"gradoUlceraVascular\":\"\",\"tratamientosUlceraVascular\":\"\",\"otrosDatosUlceraVascular\":\"\",\"otrosProblemasCutaneos\":\"\",\"otrosPiel\":\"\",\"estadoBoca\":\"\",\"altracionesIngesta\":\"\",\"otrasModifPesoTexto\":\"\",\"utensiliosEspecialesTexto\":\"\",\"otrosMetodosTexto\":\"\",\"otrasAlergiasTexto\":\"\",\"dieta\":\"\",\"balanceHidrico\":\"\",\"otrosNutricion\":\"\",\"otrosRitmoIntestinalTexto\":\"\",\"otrosDispositivosTexto\":\"\",\"otrosPatronEliminacion\":\"\",\"nivelAutonomía\":\"\",\"marchaMovivilidad\":\"\",\"otrasAyudasTecnicasTexto\":\"\",\"otrasEncamamentoTexto\":\"\",\"metodosMecanicosTranferenciaTexto\":\"\",\"metodosManualesTranferenciaTexto\":\"\",\"otrosMovilidad\":\"\",\"datosSueno\":\"\",\"comentarioOlvidosEsporadicos\":\"\",\"comentarioOlvidosFrecuentes\":\"\",\"otrasMemoriaTexto\":\"\",\"tomaDecisiones\":\"\",\"otrasAlteracionConducta\":\"\",\"datosSeguridad\":\"\",\"MarchaEquilibrio\":\"\",\"otrasMarchaEquilibrio\":\"\",\"equilibrio\":\"\",\"tonoMuscular\":\"\",\"fuerza\":\"\",\"otrasMarchaEquilibrioGeneral\":\"\",\"datosLimitacionMovilidad\":\"\",\"datosPotencialRecuperacion\":\"\",\"objetivosAreaSanitaria\":\"\",\"accionesAreaSanitaria\":\"\",\"responsableAreaSanitaria\":\"\",\"ulcerasPiel\":false,\"desnutricion\":false,\"obesidad\":false,\"trastornoAlimenticio\":false,\"otrasModifPeso\":false,\"parental\":false,\"sonda\":false,\"jeringa\":false,\"Suplemento\":false,\"utensiliosEspeciales\":false,\"otrosMetodosNutricion\":false,\"gluten\":false,\"lactosa\":false,\"fructosa\":false,\"sacarosa\":false,\"otrasAlergias\":false,\"fecal\":false,\"urinaria\":false,\"ritmoRegular\":false,\"estrenimiento\":false,\"diarrea\":false,\"otrosRitmoIntestinal\":false,\"absorbentes\":false,\"ostomia\":false,\"otrosDispositivos\":false,\"ayudasTécnicas\":false,\"baston\":false,\"andador\":false,\"muleta\":false,\"sillaRuedas\":false,\"otrasAyudasTecnicas\":false,\"encamamiento\":false,\"temporal\":false,\"permanente\":false,\"otrasEncamamento\":false,\"metodosTransferencia\":false,\"metodosMecanicosTranferencia\":false,\"metodosManualesTranferencia\":false,\"olvidosEsporadicos\":false,\"olvidosFrecuentes\":false,\"deterioroMemoria\":false,\"dificultadReconocimiento\":false,\"otrasMemoria\":false,\"dolor\":{\"FrecuenciaCabeza\":\"\",\"IntensidadCabeza\":\"\",\"otrasFrecuenciaCabeza\":\"\",\"otrasIntensidadCabeza\":\"\",\"FrecuenciaCuello\":\"\",\"IntensidadCuello\":\"\",\"otrasFrecuenciaCuello\":\"\",\"otrasIntensidadCuello\":\"\",\"FrecuenciaEspalda\":\"\",\"IntensidadEspalda\":\"\",\"otrasFrecuenciaEspalda\":\"\",\"otrasIntensidadEspalda\":\"\",\"FrecuenciaBrazoDerecho\":\"\",\"IntensidadBrazoDerecho\":\"\",\"otrasFrecuenciaBrazoDerecho\":\"\",\"otrasIntensidadBrazoDerecho\":\"\",\"FrecuenciaBrazoIzquierdo\":\"\",\"IntensidadBrazoIzquierdo\":\"\",\"otrasFrecuenciaBrazoIzquierdo\":\"\",\"otrasIntensidadBrazoIzquierdo\":\"\",\"FrecuenciaPiernaDerecha\":\"\",\"IntensidadPiernaDerecha\":\"\",\"otrasFrecuenciaPiernaDerecha\":\"\",\"otrasIntensidadPiernaDerecha\":\"\",\"FrecuenciaPiernaIzquierda\":\"\",\"IntensidadPiernaIzquierda\":\"\",\"otrasFrecuenciaPiernaIzquierda\":\"\",\"otrasIntensidadPiernaIzquierda\":\"\",\"FrecuenciaPieDerecho\":\"\",\"IntensidadPieDerecho\":\"\",\"otrasFrecuenciaPieDerecho\":\"\",\"otrasIntensidadPieDerecho\":\"\",\"FrecuenciaPieIzquierdo\":\"\",\"IntensidadPieIzquierdo\":\"\",\"otrasFrecuenciaPieIzquierdo\":\"\",\"otrasIntensidadPieIzquierdo\":\"\",\"FrecuenciaOtrasLocalizacionDolor\":\"\",\"IntensidadOtrasLocalizacionDolor\":\"\",\"otrasFrecuenciaOtrasLocalizacionDolor\":\"\",\"otrasIntensidadOtrasLocalizacionDolor\":\"\",\"otrosDolor\":\"\",\"Cabeza\":false,\"Cuello\":false,\"Espalda\":false,\"BrazoDerecho\":false,\"BrazoIzquierdo\":false,\"PiernaDerecha\":false,\"PiernaIzquierda\":false,\"PieDerecho\":false,\"PieIzquierdo\":false,\"OtrasLocalizacionDolor\":false}}','{\"orientacionTemporal\":\"\",\"orientacionEspacial\":\"\",\"orientacionPersonal\":\"\",\"EstadoMemoria\":\"\",\"otrasEstadoMemoria\":\"\",\"tomaDecisiones\":\"\",\"deterioroCognitivo\":\"\",\"otrosValoracionCognitiva\":\"\",\"otrosValoracionAfectivaTexto\":\"\",\"antecedentesPsiquiatricosTexto\":\"\",\"comportamientoInadecuadoTexto\":\"\",\"otrosTrastornoConductaTexto\":\"\",\"objetivosAreaSocial\":\"\",\"accionesAreaSocial\":\"\",\"responsableAreaSocial\":\"\",\"afliccion\":false,\"dificultadesSueno\":false,\"tristeza\":false,\"ansiedad\":false,\"perdidaInteres\":false,\"apetito\":false,\"CambiosAnimo\":false,\"ideaMuerte\":false,\"quejasSomaticas\":false,\"otrosValoracionAfectiva\":false,\"demenciaFamiliar\":false,\"antecedentesPsiquiatricos\":false,\"deambulacion\":false,\"lenguajeOfensivo\":false,\"agresividadFisica\":false,\"rechazoCuidados\":false,\"delirios\":false,\"agitacionPsicomotriz\":false,\"alucinaciones\":false,\"comportamientoInadecuado\":false,\"otrosTrastornoConducta\":false}','{\"Ducha\":\"\",\"otrasDucha\":\"\",\"Aseo\":\"\",\"otrasAseo\":\"\",\"Vestido\":\"\",\"otrasVestido\":\"\",\"UsoRetrete\":\"\",\"otrasUsoRetrete\":\"\",\"otrasDeambulacionTexto\":\"\",\"Transferencias\":\"\",\"otrasTransferencias\":\"\",\"Alimentacion\":\"\",\"otrasAlimentacion\":\"\",\"usoTelefono\":\"\",\"manejoDinero\":\"\",\"otrasActividadesInstrumental\":\"\",\"objetivosAreaFuncional\":\"\",\"accionesAreaFuncional\":\"\",\"responsableAreaFuncional\":\"\",\"rehabilitacion\":false,\"ayudaDesplazamiento\":false,\"ayudaTecnicas\":false,\"otrasDeambulacion\":false}','{\"Aficiones\":\"\",\"otrasAficiones\":\"\",\"otrasTiempoLibreTexto\":\"\",\"relacionarseRange\":\"50\",\"actividadesRange\":\"50\",\"actividadesPlanificadasRange\":\"50\",\"iniciativaPropiaRange\":\"50\",\"otrasActividadesTexto\":\"\",\"objetivosAreaAnimacion\":\"\",\"accionesAreaAnimacion\":\"\",\"responsableAreaAnimacion\":\"\",\"actividadesManuales\":false,\"juegosMesa\":false,\"leer\":false,\"tv\":false,\"otrasTiempoLibre\":false,\"objetivosPropios\":false,\"otrasActividades\":false}'),(63,'GUJ0000',65,'98927045C','Joaquín','Guardamarín','López','15/01/1941','{\"intelectual\":false,\"fisica\":false,\"visual\":false,\"enfermendadMental\":false,\"demencia\":false,\"otraDiscapacidad\":true,\"otraDiscapacidadTexto\":\"Auditiva\"}',1,'{\"enfermedadLeve\":false,\"pronosticoReservado\":false,\"tratamCurativo\":false,\"tratamPaliativo\":false,\"tratamFarmaTemp\":false,\"tratamFarmaCron\":true,\"deterioroCognitivo\":true,\"debilidadDebMotriz\":true,\"desorientacion\":false,\"DificultadLenguaje\":false,\"otraSitMedica\":false,\"otraSitMedicaTexto\":\"\"}',0,'2020-11-16 22:16:02',NULL,NULL,'2021-01-07 19:52:59','{\"lugarNacimiento\":\"Segovia\",\"EstadoCivil\":\"\",\"otrasEstadoCivil\":\"\",\"NSS\":\"678456345765\",\"centroSalud\":\"Los Rosales (Dra. Domí­nguez)\",\"antecedentesLaborales\":\"Antecedentes laborales\",\"formacion\":\"Nivel de Formación y Estudios\",\"historiaVida\":\"Historia de vida\",\"otrosDatosBiografia\":\"Otros\"}','{\"Autodeterminacion\":\"otras\",\"FacultadesMentales\":\"otras\",\"otrasAutodeterminacion\":\"Capacidad de Autodeterminación\",\"otrasFacultadesMentales\":\"En Pleno Uso de sus Facultades Mentales\",\"ultimasVoluntades\":\"No\",\"situacionDesproteccion\":\"Situación de Desprotección\",\"otrasSituacionLegal\":\"Otras\",\"HabitosOcio\":\"otras\",\"otrasHabitosOcio\":\"Hábitos de Ocio:\",\"poseeCreencias\":\"\",\"FrecuenciaServicio\":\"otras\",\"otrasFrecuenciaServicio\":\"frecuencia\",\"otrasAreaCreencias\":\"Otras\",\"gestionesAdministrativas\":\"otras\",\"otrasGestionesAdministrativas\":\"Gestiones Administrativas\",\"detalleGestiones\":\"\",\"ConvivenciaAnterior\":\"Vivía sola/o\",\"otrasConvivenciaAnterior\":\"\",\"causasIngreso\":\"Causas del ingreso\",\"RedSocial\":\"otras\",\"redFamiliar\":\"familiares\",\"otrasRedSocial\":\"A nivel social\",\"otrasRedFamiliar\":\"\",\"familiaresRedFamiliar\":\"familiares\",\"regimenSalidas\":\"Régimen de Salidas\",\"regimenVisitas\":\"Régimen de Visitas\",\"otrasIniciativa\":\"Otras\",\"IniciativaSocial\":\"otras\",\"otrasIniciativaSocial\":\"Iniciativa y Participación\",\"objetivosAreaSocial\":\"Objetivos\",\"accionesAreaSocial\":\"Acciones e Intervenciones\",\"responsableAreaSocial\":\"Responsable\",\"creyente\":true,\"acudeServicios\":true,\"noCreyente\":true,\"otrasCreencias\":true}','{\"diagnosticosPasados\":\"Diagnósticos Pasados\",\"diagnosticosPresentes\":\"Diagnósticos Presentes\",\"ingesosHospitalarios\":\"Ingresos Hospitalarios\",\"intervencionesQuirurgicas\":\"Intervenciones Quirúrgicas\",\"otrasSituacioSanitaria\":\"Otras\",\"datosTratamientos\":\"\",\"undefined\":\"\",\"estadoPiel\":\"Estado de la piel-Integridad\",\"estadoPielUnas\":\"Estado piel y uñas\",\"gradoUlceraVascular\":\"Grado\",\"tratamientosUlceraVascular\":\"Tratamientos\",\"otrosDatosUlceraVascular\":\"Otros Datos\",\"otrosProblemasCutaneos\":\"Otros problemas cutáneos\",\"otrosPiel\":\"Otros\",\"estadoBoca\":\"Estado de la boca\",\"altracionesIngesta\":\"Alteraciones en la ingesta\",\"otrasModifPesoTexto\":\"otras\",\"utensiliosEspecialesTexto\":\"Utensilios especiales\",\"otrosMetodosTexto\":\"otros\",\"otrasAlergiasTexto\":\"otras\",\"dieta\":\"Dieta\",\"balanceHidrico\":\"Balance Hí­drico\",\"otrosNutricion\":\"Otros\",\"otrosRitmoIntestinalTexto\":\"otras\",\"otrosDispositivosTexto\":\"otros\",\"otrosPatronEliminacion\":\"Otros\",\"nivelAutonomía\":\"\",\"marchaMovivilidad\":\"Marcha\",\"otrasAyudasTecnicasTexto\":\"otras\",\"otrasEncamamentoTexto\":\"Posibilidad de movilidad\",\"metodosMecanicosTranferenciaTexto\":\"MecÃ¡nicos\",\"metodosManualesTranferenciaTexto\":\"Manuale\",\"otrosMovilidad\":\"Otros\",\"datosSueno\":\"\",\"comentarioOlvidosEsporadicos\":\"Olvidos esporádicos en ADV\",\"comentarioOlvidosFrecuentes\":\"Olvidos Frecuentes en ADV\",\"otrasMemoriaTexto\":\"otras\",\"tomaDecisiones\":\"Capacidad de toma de decisiones\",\"otrasAlteracionConducta\":\"Otras\",\"datosSeguridad\":\"seguridad\",\"MarchaEquilibrio\":\"otras\",\"otrasMarchaEquilibrio\":\"marcha\",\"equilibrio\":\"Equilibrio\",\"tonoMuscular\":\"Tono muscular\",\"fuerza\":\"Fuerza:\",\"otrasMarchaEquilibrioGeneral\":\"Otras\",\"datosLimitacionMovilidad\":\"limitación movilidad\",\"datosPotencialRecuperacion\":\"potencial recuperacion\",\"objetivosAreaSanitaria\":\"Objetivos\",\"accionesAreaSanitaria\":\"Acciones e Intervenciones\",\"responsableAreaSanitaria\":\"Responsable\",\"ulcerasPiel\":true,\"desnutricion\":true,\"obesidad\":true,\"trastornoAlimenticio\":true,\"otrasModifPeso\":true,\"parental\":true,\"sonda\":false,\"jeringa\":true,\"Suplemento\":true,\"utensiliosEspeciales\":true,\"otrosMetodosNutricion\":true,\"gluten\":false,\"lactosa\":false,\"fructosa\":false,\"sacarosa\":false,\"otrasAlergias\":true,\"fecal\":true,\"urinaria\":true,\"ritmoRegular\":false,\"estrenimiento\":false,\"diarrea\":true,\"otrosRitmoIntestinal\":true,\"absorbentes\":true,\"ostomia\":true,\"otrosDispositivos\":true,\"ayudasTécnicas\":false,\"baston\":true,\"andador\":false,\"muleta\":false,\"sillaRuedas\":true,\"otrasAyudasTecnicas\":true,\"encamamiento\":true,\"temporal\":false,\"permanente\":true,\"otrasEncamamento\":true,\"metodosTransferencia\":true,\"metodosMecanicosTranferencia\":true,\"metodosManualesTranferencia\":true,\"olvidosEsporadicos\":true,\"olvidosFrecuentes\":true,\"deterioroMemoria\":true,\"dificultadReconocimiento\":true,\"otrasMemoria\":true,\"dolor\":{\"FrecuenciaCabeza\":\"continua\",\"IntensidadCabeza\":\"alta\",\"otrasFrecuenciaCabeza\":\"\",\"otrasIntensidadCabeza\":\"\",\"FrecuenciaCuello\":\"\",\"IntensidadCuello\":\"\",\"otrasFrecuenciaCuello\":\"\",\"otrasIntensidadCuello\":\"\",\"FrecuenciaEspalda\":\"puntual\",\"IntensidadEspalda\":\"otras\",\"otrasFrecuenciaEspalda\":\"\",\"otrasIntensidadEspalda\":\"otras intensidad\",\"FrecuenciaBrazoDerecho\":\"\",\"IntensidadBrazoDerecho\":\"\",\"otrasFrecuenciaBrazoDerecho\":\"\",\"otrasIntensidadBrazoDerecho\":\"\",\"FrecuenciaBrazoIzquierdo\":\"otras\",\"IntensidadBrazoIzquierdo\":\"otras\",\"otrasFrecuenciaBrazoIzquierdo\":\"otras frecuencia\",\"otrasIntensidadBrazoIzquierdo\":\"otras intensidad\",\"FrecuenciaPiernaDerecha\":\"\",\"IntensidadPiernaDerecha\":\"\",\"otrasFrecuenciaPiernaDerecha\":\"\",\"otrasIntensidadPiernaDerecha\":\"\",\"FrecuenciaPiernaIzquierda\":\"\",\"IntensidadPiernaIzquierda\":\"\",\"otrasFrecuenciaPiernaIzquierda\":\"\",\"otrasIntensidadPiernaIzquierda\":\"\",\"FrecuenciaPieDerecho\":\"\",\"IntensidadPieDerecho\":\"\",\"otrasFrecuenciaPieDerecho\":\"\",\"otrasIntensidadPieDerecho\":\"\",\"FrecuenciaPieIzquierdo\":\"\",\"IntensidadPieIzquierdo\":\"\",\"otrasFrecuenciaPieIzquierdo\":\"\",\"otrasIntensidadPieIzquierdo\":\"\",\"FrecuenciaOtrasLocalizacionDolor\":\"\",\"IntensidadOtrasLocalizacionDolor\":\"\",\"otrasFrecuenciaOtrasLocalizacionDolor\":\"\",\"otrasIntensidadOtrasLocalizacionDolor\":\"\",\"otrosDolor\":\"Otros\",\"Cabeza\":true,\"Cuello\":false,\"Espalda\":true,\"BrazoDerecho\":false,\"BrazoIzquierdo\":true,\"PiernaDerecha\":true,\"PiernaIzquierda\":false,\"PieDerecho\":false,\"PieIzquierdo\":false,\"OtrasLocalizacionDolor\":false}}','{\"orientacionTemporal\":\"Temporal:\",\"orientacionEspacial\":\"Espacial:\",\"orientacionPersonal\":\"Personal:\",\"EstadoMemoria\":\"otras\",\"otrasEstadoMemoria\":\"otras memoria\",\"tomaDecisiones\":\"Capacidad de tomar decisiones:\",\"deterioroCognitivo\":\"Valoración y graduación de deterioro cognitivo:\",\"otrosValoracionCognitiva\":\"Otros:\",\"otrosValoracionAfectivaTexto\":\"Otros\",\"antecedentesPsiquiatricosTexto\":\"Indique antecedentes:\",\"comportamientoInadecuadoTexto\":\"Comportamiento social inadecuado\",\"otrosTrastornoConductaTexto\":\"Otros\",\"objetivosAreaPsicologica\":\"\",\"accionesAreaPsicologica\":\"\",\"responsableAreaPsicologica\":\"\",\"afliccion\":true,\"dificultadesSueno\":true,\"tristeza\":false,\"ansiedad\":true,\"perdidaInteres\":false,\"apetito\":false,\"CambiosAnimo\":true,\"ideaMuerte\":true,\"quejasSomaticas\":true,\"otrosValoracionAfectiva\":true,\"demenciaFamiliar\":true,\"antecedentesPsiquiatricos\":true,\"deambulacion\":true,\"lenguajeOfensivo\":false,\"agresividadFisica\":false,\"rechazoCuidados\":false,\"delirios\":false,\"agitacionPsicomotriz\":false,\"alucinaciones\":true,\"comportamientoInadecuado\":true,\"otrosTrastornoConducta\":true}','{\"Ducha\":\"otras\",\"otrasDucha\":\"Ducha:\",\"Aseo\":\"otras\",\"otrasAseo\":\"otas aseo\",\"Vestido\":\"otras\",\"otrasVestido\":\"estido:\",\"UsoRetrete\":\"otras\",\"otrasUsoRetrete\":\"retrete\",\"otrasDeambulacionTexto\":\"otras\",\"Transferencias\":\"otras\",\"otrasTransferencias\":\"otras\",\"Alimentacion\":\"otras\",\"otrasAlimentacion\":\"otras\",\"usoTelefono\":\"Uso del Teléfono:\",\"manejoDinero\":\"anejo de su dinero\",\"otrasActividadesInstrumental\":\"Otras:\",\"objetivosAreaFuncional\":\"Objetivos:\",\"accionesAreaFuncional\":\"Acciones e Intervenciones\",\"responsableAreaFuncional\":\"Responsable:\",\"rehabilitacion\":true,\"ayudaDesplazamiento\":true,\"ayudaTecnicas\":true,\"otrasDeambulacion\":true}','{\"Aficiones\":\"otras\",\"otrasAficiones\":\"OTRAS\",\"otrasTiempoLibreTexto\":\"otras\",\"relacionarseRange\":\"89\",\"actividadesRange\":\"94\",\"actividadesPlanificadasRange\":\"9\",\"iniciativaPropiaRange\":\"8\",\"otrasActividadesTexto\":\"Otras\",\"objetivosAreaAnimacion\":\"Objetivos:\",\"accionesAreaAnimacion\":\"Acciones e Intervenciones\",\"responsableAreaAnimacion\":\"Responsable:\",\"actividadesManuales\":false,\"juegosMesa\":true,\"leer\":true,\"tv\":true,\"otrasTiempoLibre\":true,\"objetivosPropios\":false,\"otrasActividades\":true}'),(65,'SÁE0000',NULL,'78929508V','Eugenia','Sánchez','Gómez','30/08/1944','{\"intelectual\":false,\"fisica\":false,\"visual\":true,\"enfermendadMental\":false,\"demencia\":false,\"otraDiscapacidad\":false,\"otraDiscapacidadTexto\":\"\"}',1,'{\"enfermedadLeve\":true,\"pronosticoReservado\":false,\"tratamCurativo\":false,\"tratamPaliativo\":false,\"tratamFarmaTemp\":false,\"tratamFarmaCron\":false,\"deterioroCognitivo\":false,\"debilidadDebMotriz\":false,\"desorientacion\":false,\"DificultadLenguaje\":false,\"otraSitMedica\":false,\"otraSitMedicaTexto\":\"\"}',0,'2020-11-28 18:43:12',NULL,NULL,'2021-01-03 14:50:50','{\"lugarNacimiento\":\"\",\"EstadoCivil\":\"\",\"otrasEstadoCivil\":\"\",\"NSS\":\"\",\"centroSalud\":\"\",\"antecedentesLaborales\":\"\",\"formacion\":\"\",\"historiaVida\":\"\",\"otrosDatosBiografia\":\"\"}','{\"Autodeterminacion\":\"\",\"FacultadesMentales\":\"\",\"otrasAutodeterminacion\":\"\",\"otrasFacultadesMentales\":\"\",\"ultimasVoluntades\":\"\",\"situacionDesproteccion\":\"\",\"otrasSituacionLegal\":\"\",\"HabitosOcio\":\"\",\"otrasHabitosOcio\":\"\",\"poseeCreencias\":\"\",\"FrecuenciaServicio\":\"\",\"otrasFrecuenciaServicio\":\"\",\"otrasAreaCreencias\":\"\",\"gestionesAdministrativas\":\"\",\"otrasGestionesAdministrativas\":\"\",\"detalleGestiones\":\"\",\"ConvivenciaAnterior\":\"\",\"otrasConvivenciaAnterior\":\"\",\"causasIngreso\":\"\",\"RedSocial\":\"\",\"redFamiliar\":\"\",\"otrasRedSocial\":\"\",\"otrasRedFamiliar\":\"\",\"familiaresRedFamiliar\":\"\",\"regimenSalidas\":\"\",\"regimenVisitas\":\"\",\"otrasIniciativa\":\"\",\"IniciativaSocial\":\"\",\"otrasIniciativaSocial\":\"\",\"objetivosAreaSocial\":\"\",\"accionesAreaSocial\":\"\",\"responsableAreaSocial\":\"\",\"creyente\":false,\"acudeServicios\":false,\"noCreyente\":false,\"otrasCreencias\":false}','{\"diagnosticosPasados\":\"\",\"diagnosticosPresentes\":\"\",\"ingesosHospitalarios\":\"\",\"intervencionesQuirurgicas\":\"\",\"otrasSituacioSanitaria\":\"\",\"datosTratamientos\":\"\",\"undefined\":\"\",\"estadoPiel\":\"\",\"estadoPielUnas\":\"\",\"gradoUlceraVascular\":\"\",\"tratamientosUlceraVascular\":\"\",\"otrosDatosUlceraVascular\":\"\",\"otrosProblemasCutaneos\":\"\",\"otrosPiel\":\"\",\"estadoBoca\":\"\",\"altracionesIngesta\":\"\",\"otrasModifPesoTexto\":\"\",\"utensiliosEspecialesTexto\":\"\",\"otrosMetodosTexto\":\"\",\"otrasAlergiasTexto\":\"\",\"dieta\":\"\",\"balanceHidrico\":\"\",\"otrosNutricion\":\"\",\"otrosRitmoIntestinalTexto\":\"\",\"otrosDispositivosTexto\":\"\",\"otrosPatronEliminacion\":\"\",\"nivelAutonomía\":\"\",\"marchaMovivilidad\":\"\",\"otrasAyudasTecnicasTexto\":\"\",\"otrasEncamamentoTexto\":\"\",\"metodosMecanicosTranferenciaTexto\":\"\",\"metodosManualesTranferenciaTexto\":\"\",\"otrosMovilidad\":\"\",\"datosSueno\":\"\",\"comentarioOlvidosEsporadicos\":\"\",\"comentarioOlvidosFrecuentes\":\"\",\"otrasMemoriaTexto\":\"\",\"tomaDecisiones\":\"\",\"otrasAlteracionConducta\":\"\",\"datosSeguridad\":\"\",\"MarchaEquilibrio\":\"\",\"otrasMarchaEquilibrio\":\"\",\"equilibrio\":\"\",\"tonoMuscular\":\"\",\"fuerza\":\"\",\"otrasMarchaEquilibrioGeneral\":\"\",\"datosLimitacionMovilidad\":\"\",\"datosPotencialRecuperacion\":\"\",\"objetivosAreaSanitaria\":\"\",\"accionesAreaSanitaria\":\"\",\"responsableAreaSanitaria\":\"\",\"ulcerasPiel\":false,\"desnutricion\":false,\"obesidad\":false,\"trastornoAlimenticio\":false,\"otrasModifPeso\":false,\"parental\":false,\"sonda\":false,\"jeringa\":false,\"Suplemento\":false,\"utensiliosEspeciales\":false,\"otrosMetodosNutricion\":false,\"gluten\":false,\"lactosa\":false,\"fructosa\":false,\"sacarosa\":false,\"otrasAlergias\":false,\"fecal\":false,\"urinaria\":false,\"ritmoRegular\":false,\"estrenimiento\":false,\"diarrea\":false,\"otrosRitmoIntestinal\":false,\"absorbentes\":false,\"ostomia\":false,\"otrosDispositivos\":false,\"ayudasTécnicas\":false,\"baston\":false,\"andador\":false,\"muleta\":false,\"sillaRuedas\":false,\"otrasAyudasTecnicas\":false,\"encamamiento\":false,\"temporal\":false,\"permanente\":false,\"otrasEncamamento\":false,\"metodosTransferencia\":false,\"metodosMecanicosTranferencia\":false,\"metodosManualesTranferencia\":false,\"olvidosEsporadicos\":false,\"olvidosFrecuentes\":false,\"deterioroMemoria\":false,\"dificultadReconocimiento\":false,\"otrasMemoria\":false,\"dolor\":{\"FrecuenciaCabeza\":\"\",\"IntensidadCabeza\":\"\",\"otrasFrecuenciaCabeza\":\"\",\"otrasIntensidadCabeza\":\"\",\"FrecuenciaCuello\":\"\",\"IntensidadCuello\":\"\",\"otrasFrecuenciaCuello\":\"\",\"otrasIntensidadCuello\":\"\",\"FrecuenciaEspalda\":\"\",\"IntensidadEspalda\":\"\",\"otrasFrecuenciaEspalda\":\"\",\"otrasIntensidadEspalda\":\"\",\"FrecuenciaBrazoDerecho\":\"\",\"IntensidadBrazoDerecho\":\"\",\"otrasFrecuenciaBrazoDerecho\":\"\",\"otrasIntensidadBrazoDerecho\":\"\",\"FrecuenciaBrazoIzquierdo\":\"\",\"IntensidadBrazoIzquierdo\":\"\",\"otrasFrecuenciaBrazoIzquierdo\":\"\",\"otrasIntensidadBrazoIzquierdo\":\"\",\"FrecuenciaPiernaDerecha\":\"\",\"IntensidadPiernaDerecha\":\"\",\"otrasFrecuenciaPiernaDerecha\":\"\",\"otrasIntensidadPiernaDerecha\":\"\",\"FrecuenciaPiernaIzquierda\":\"\",\"IntensidadPiernaIzquierda\":\"\",\"otrasFrecuenciaPiernaIzquierda\":\"\",\"otrasIntensidadPiernaIzquierda\":\"\",\"FrecuenciaPieDerecho\":\"\",\"IntensidadPieDerecho\":\"\",\"otrasFrecuenciaPieDerecho\":\"\",\"otrasIntensidadPieDerecho\":\"\",\"FrecuenciaPieIzquierdo\":\"\",\"IntensidadPieIzquierdo\":\"\",\"otrasFrecuenciaPieIzquierdo\":\"\",\"otrasIntensidadPieIzquierdo\":\"\",\"FrecuenciaOtrasLocalizacionDolor\":\"\",\"IntensidadOtrasLocalizacionDolor\":\"\",\"otrasFrecuenciaOtrasLocalizacionDolor\":\"\",\"otrasIntensidadOtrasLocalizacionDolor\":\"\",\"otrosDolor\":\"\",\"Cabeza\":false,\"Cuello\":false,\"Espalda\":false,\"BrazoDerecho\":false,\"BrazoIzquierdo\":false,\"PiernaDerecha\":false,\"PiernaIzquierda\":false,\"PieDerecho\":false,\"PieIzquierdo\":false,\"OtrasLocalizacionDolor\":false}}','{\"orientacionTemporal\":\"\",\"orientacionEspacial\":\"\",\"orientacionPersonal\":\"\",\"EstadoMemoria\":\"\",\"otrasEstadoMemoria\":\"\",\"tomaDecisiones\":\"\",\"deterioroCognitivo\":\"\",\"otrosValoracionCognitiva\":\"\",\"otrosValoracionAfectivaTexto\":\"\",\"antecedentesPsiquiatricosTexto\":\"\",\"comportamientoInadecuadoTexto\":\"\",\"otrosTrastornoConductaTexto\":\"\",\"objetivosAreaSocial\":\"\",\"accionesAreaSocial\":\"\",\"responsableAreaSocial\":\"\",\"afliccion\":false,\"dificultadesSueno\":false,\"tristeza\":false,\"ansiedad\":false,\"perdidaInteres\":false,\"apetito\":false,\"CambiosAnimo\":false,\"ideaMuerte\":false,\"quejasSomaticas\":false,\"otrosValoracionAfectiva\":false,\"demenciaFamiliar\":false,\"antecedentesPsiquiatricos\":false,\"deambulacion\":false,\"lenguajeOfensivo\":false,\"agresividadFisica\":false,\"rechazoCuidados\":false,\"delirios\":false,\"agitacionPsicomotriz\":false,\"alucinaciones\":false,\"comportamientoInadecuado\":false,\"otrosTrastornoConducta\":false}','{\"Ducha\":\"\",\"otrasDucha\":\"\",\"Aseo\":\"\",\"otrasAseo\":\"\",\"Vestido\":\"\",\"otrasVestido\":\"\",\"UsoRetrete\":\"\",\"otrasUsoRetrete\":\"\",\"otrasDeambulacionTexto\":\"\",\"Transferencias\":\"\",\"otrasTransferencias\":\"\",\"Alimentacion\":\"\",\"otrasAlimentacion\":\"\",\"usoTelefono\":\"\",\"manejoDinero\":\"\",\"otrasActividadesInstrumental\":\"\",\"objetivosAreaFuncional\":\"\",\"accionesAreaFuncional\":\"\",\"responsableAreaFuncional\":\"\",\"rehabilitacion\":false,\"ayudaDesplazamiento\":false,\"ayudaTecnicas\":false,\"otrasDeambulacion\":false}','{\"Aficiones\":\"\",\"otrasAficiones\":\"\",\"otrasTiempoLibreTexto\":\"\",\"relacionarseRange\":\"50\",\"actividadesRange\":\"50\",\"actividadesPlanificadasRange\":\"50\",\"iniciativaPropiaRange\":\"50\",\"otrasActividadesTexto\":\"\",\"objetivosAreaAnimacion\":\"\",\"accionesAreaAnimacion\":\"\",\"responsableAreaAnimacion\":\"\",\"actividadesManuales\":false,\"juegosMesa\":false,\"leer\":false,\"tv\":false,\"otrasTiempoLibre\":false,\"objetivosPropios\":false,\"otrasActividades\":false}'),(66,'SAA0000',58,'66020097T','Agapito','Salmerón','Antúnez','12/08/1932','{\"intelectual\":false,\"fisica\":false,\"visual\":false,\"enfermendadMental\":false,\"demencia\":true,\"otraDiscapacidad\":false,\"otraDiscapacidadTexto\":\"\"}',3,'{\"enfermedadLeve\":false,\"pronosticoReservado\":false,\"tratamCurativo\":false,\"tratamPaliativo\":false,\"tratamFarmaTemp\":false,\"tratamFarmaCron\":false,\"deterioroCognitivo\":true,\"debilidadDebMotriz\":true,\"desorientacion\":true,\"DificultadLenguaje\":true,\"otraSitMedica\":true,\"otraSitMedicaTexto\":\"Sufre alucinaciones\"}',0,'2020-12-06 09:09:39','2020-12-13 00:00:00','Cambio de centro residencial',NULL,NULL,NULL,NULL,NULL,NULL,NULL),(67,'SAJ0000',58,'68017848V','Julia','Santillana','Pérez','05/06/1939','{\"intelectual\":false,\"fisica\":false,\"visual\":false,\"enfermendadMental\":false,\"demencia\":false,\"otraDiscapacidad\":true,\"otraDiscapacidadTexto\":\"Discapacidad auditiva severa\"}',1,'{\"enfermedadLeve\":true,\"pronosticoReservado\":false,\"tratamCurativo\":false,\"tratamPaliativo\":false,\"tratamFarmaTemp\":false,\"tratamFarmaCron\":false,\"deterioroCognitivo\":false,\"debilidadDebMotriz\":false,\"desorientacion\":false,\"DificultadLenguaje\":false,\"otraSitMedica\":true,\"otraSitMedicaTexto\":\"Problema de varices\"}',NULL,'2020-12-07 11:16:42',NULL,NULL,NULL,NULL,NULL,NULL,NULL,NULL,NULL),(68,'DÍM0000',58,'82597874K','Marcelo','Díaz','Díaz','25/05/1940','{\"intelectual\":false,\"fisica\":false,\"visual\":true,\"enfermendadMental\":false,\"demencia\":false,\"otraDiscapacidad\":false,\"otraDiscapacidadTexto\":\"\"}',1,'{\"enfermedadLeve\":true,\"pronosticoReservado\":false,\"tratamCurativo\":false,\"tratamPaliativo\":false,\"tratamFarmaTemp\":false,\"tratamFarmaCron\":false,\"deterioroCognitivo\":false,\"debilidadDebMotriz\":false,\"desorientacion\":false,\"DificultadLenguaje\":false,\"otraSitMedica\":false,\"otraSitMedicaTexto\":\"\"}',0,'2020-12-07 12:27:01',NULL,NULL,'2021-01-03 19:59:32','{\"lugarNacimiento\":\"Cáceres\",\"EstadoCivil\":\"otras\",\"otrasEstadoCivil\":\"divorciado y viudo\",\"NSS\":\"081104162078\",\"centroSalud\":\"Los Rosales Dr Carreño\",\"antecedentesLaborales\":\"Regentó una sastrería\",\"formacion\":\"Nivel básico de estudios, aunque ha realizado multitud de cursos de patronaje y moda, su gran pasión.\",\"historiaVida\":\"En los años de posguerra emigró con su familia a Madrid. Muy pronto tuvo que ponerse a trabajar como aprendiz en la sastrería en la que trabajaba su padre, de la que llegó a ser regente. Se casó con Mercedes, pero se divorció de ella en los años 80 para volverse a casar con Angelita, su gran amor, que falleció en 2018. Todavía no ha logrado reponerse del duro golpe\",\"otrosDatosBiografia\":\"No tiene trato con su hijo. Éste ha dejado de hablarle desde la separación de sus padres. Se encargan de él su sobrino y sobre todo, su ahijado\"}','{\"Autodeterminacion\":\"otras\",\"FacultadesMentales\":\"Autónomo en la toma de decisiones\",\"otrasAutodeterminacion\":\"Ayudas esporádicas\",\"otrasFacultadesMentales\":\"\",\"ultimasVoluntades\":\"No\",\"situacionDesproteccion\":\"No se ha detectado situación de desprotección\",\"otrasSituacionLegal\":\"\",\"HabitosOcio\":\"otras\",\"otrasHabitosOcio\":\"Necesita un pequeño empujón, pero pronto se anima\",\"poseeCreencias\":\"catolicismo\",\"FrecuenciaServicio\":\"otras\",\"otrasFrecuenciaServicio\":\"2 veces por semana\",\"otrasAreaCreencias\":\"\",\"gestionesAdministrativas\":\"otras\",\"otrasGestionesAdministrativas\":\"Necesita ayuda solo para las gestiones online\",\"detalleGestiones\":\"\",\"ConvivenciaAnterior\":\"otras\",\"otrasConvivenciaAnterior\":\"Vivía con su ahijado\",\"causasIngreso\":\"Por voluntad propia. No quería ser una carga para su ahijado. Éste último no estaba conforme con el ingreso\",\"RedSocial\":\"otras\",\"redFamiliar\":\"familiares\",\"otrasRedSocial\":\"Le quedan pocas amistades\",\"otrasRedFamiliar\":\"\",\"familiaresRedFamiliar\":\"ahijado y sobrino, visita semanal\",\"regimenSalidas\":\"No precisa ningún tipo de restricción, posee libertad de movimientos\",\"regimenVisitas\":\"2 veces por semana\",\"otrasIniciativa\":\"\",\"IniciativaSocial\":\"otras\",\"otrasIniciativaSocial\":\"Hay que darle un pequeño empujón, pero pronto se anima\",\"objetivosAreaSocial\":\"Aunque no presenta grandes problemas de sociabilidad, conviene observarle para evitar que se repliegue en sí mismo\",\"accionesAreaSocial\":\"Fomentar su participación en actividades que le permitan conocer gente nueva\",\"responsableAreaSocial\":\"Míriam Díaz\",\"creyente\":true,\"acudeServicios\":true,\"noCreyente\":false,\"otrasCreencias\":false}','{\"diagnosticosPasados\":\"Ha sufrido episodios de gota en el pasado, pero refiere que, desde hace unos años, ya no padece molestias.\\nArtritis reumatoide ligera, tratada por su especialista (Dra. Salazar, Hospital 12 de octubre).\",\"diagnosticosPresentes\":\"Psoriasis grado 1 en codos y rodillas. Artritis reumatoide ligera\",\"ingesosHospitalarios\":\"No se han requerido\",\"intervencionesQuirurgicas\":\"Ninguna.\",\"otrasSituacioSanitaria\":\"\",\"datosTratamientos\":\"\\\"test\\\"\\ntexto \\\"test\\\"\",\"estadoPiel\":\"Psoriasis grado 1 en codos y rodillas. \\nPequeñas úlceras grado 1.\",\"estadoPielUnas\":\"Piel en buen estado de hidratación. Uñas en buen estado.\",\"gradoUlceraVascular\":\"1\",\"tratamientosUlceraVascular\":\"Vermix pomada 25mg\",\"otrosDatosUlceraVascular\":\"Le está haciendo el seguimiento su especialista, Dr. Domí­nguez Sala (12 Octubre)\",\"otrosProblemasCutaneos\":\"No refiere.\",\"otrosPiel\":\"\",\"estadoBoca\":\"Buen estado. no presenta ulceraciones. \\nBuena hidratación. A nivel dental, presenta todas las piezas, incluso las 4 del juicio. Muy buen estado\",\"altracionesIngesta\":\"Cuando llegó, bajó drásticamente de peso, debido al estrés por la nueva situación, pero pronto se recuperó.\",\"otrasModifPesoTexto\":\"A su llegada bajó de peso, pero después recuperó  a í­ndices normales. IMC 25%\",\"utensiliosEspecialesTexto\":\"\",\"otrosMetodosTexto\":\"\",\"otrasAlergiasTexto\":\"Anacardos, cacahuetes\",\"dieta\":\"Dieta sin gluten, baja en sodio. Complemento vitamí­nico entre comidas\",\"balanceHidrico\":\"A pesar de que apenas bebe agua, está bien hidratado. Las enfermeras tratan de que beba zumos, pero no logran que ingiera las cantidades recomendadas de líquido.\",\"otrosNutricion\":\"\",\"otrosRitmoIntestinalTexto\":\"\",\"otrosDispositivosTexto\":\"\",\"otrosPatronEliminacion\":\"Refiere episodios puntuales de estreñiniento alternados con diarrea, asociados a episodios de estrés\",\"nivelAutonomía\":\"\",\"marchaMovivilidad\":\"Ritmo pausado, pero sin necesidad de realizar paradas para recuperar aliento\",\"otrasAyudasTecnicasTexto\":\"\",\"otrasEncamamentoTexto\":\"\",\"metodosMecanicosTranferenciaTexto\":\"\",\"metodosManualesTranferenciaTexto\":\"\",\"otrosMovilidad\":\"\",\"datosSueno\":\"<p>No refiere problemas para dormir. </p><p>Sueño profundo, al menos 7 horas diarias. Sensación de descanso.</p>\",\"undefined\":\"\",\"comentarioOlvidosEsporadicos\":\"En alguna ocasión no ha recordado cómo llegar a su cuarto\",\"comentarioOlvidosFrecuentes\":\"\",\"otrasMemoriaTexto\":\"\",\"tomaDecisiones\":\"Total. No se refieren alteraciones de conducta, ni antes ni después del ingreso\",\"otrasAlteracionConducta\":\"\",\"datosSeguridad\":\"<p>No se refieren problemas</p>\",\"MarchaEquilibrio\":\"otras\",\"otrasMarchaEquilibrio\":\"Me preocupa la combinación de artritis en las manos y el uso del bastón\",\"equilibrio\":\"Bastante correcto\",\"tonoMuscular\":\"Poco tono muscular, recomiendo hacer ejercicio moderado\",\"fuerza\":\"Le falta fuerza en las manos, debido a la artritis.\",\"otrasMarchaEquilibrioGeneral\":\"Necesita hacer ejercicios de rehabilitación para mejorar los síntomas de la artritis, sobre todo en las manos.\",\"datosLimitacionMovilidad\":\"<p>Ninguna</p>\",\"datosPotencialRecuperacion\":\"<p>Bastante bueno teniendo en cuenta la avanzada edad</p>\",\"objetivosAreaSanitaria\":\"Mejorar la fuerza en las manos y el tono muscular general\",\"accionesAreaSanitaria\":\"Sesiones de rehabilitación 3 veces por semana, y alentarle a que se apunte a clases de ejercicio moderado.\",\"responsableAreaSanitaria\":\"Amaya de Pastors\",\"ulcerasPiel\":true,\"desnutricion\":false,\"obesidad\":false,\"trastornoAlimenticio\":false,\"otrasModifPeso\":true,\"parental\":false,\"sonda\":false,\"jeringa\":false,\"Suplemento\":true,\"utensiliosEspeciales\":false,\"otrosMetodosNutricion\":false,\"gluten\":true,\"lactosa\":false,\"fructosa\":false,\"sacarosa\":false,\"otrasAlergias\":true,\"fecal\":false,\"urinaria\":false,\"ritmoRegular\":false,\"estrenimiento\":true,\"diarrea\":true,\"otrosRitmoIntestinal\":false,\"absorbentes\":false,\"ostomia\":false,\"otrosDispositivos\":false,\"ayudasTécnicas\":false,\"baston\":true,\"andador\":false,\"muleta\":false,\"sillaRuedas\":false,\"otrasAyudasTecnicas\":false,\"encamamiento\":false,\"temporal\":false,\"permanente\":false,\"otrasEncamamento\":false,\"metodosTransferencia\":false,\"metodosMecanicosTranferencia\":false,\"metodosManualesTranferencia\":false,\"olvidosEsporadicos\":true,\"olvidosFrecuentes\":false,\"deterioroMemoria\":false,\"dificultadReconocimiento\":false,\"otrasMemoria\":false,\"dolor\":{\"FrecuenciaCabeza\":\"puntual\",\"IntensidadCabeza\":\"alta\",\"otrasFrecuenciaCabeza\":\"\",\"otrasIntensidadCabeza\":\"\",\"FrecuenciaCuello\":\"\",\"IntensidadCuello\":\"\",\"otrasFrecuenciaCuello\":\"\",\"otrasIntensidadCuello\":\"\",\"FrecuenciaEspalda\":\"otras\",\"IntensidadEspalda\":\"otras\",\"otrasFrecuenciaEspalda\":\"A veces no le permite descansar\",\"otrasIntensidadEspalda\":\"de leve a moderada\",\"FrecuenciaBrazoDerecho\":\"\",\"IntensidadBrazoDerecho\":\"\",\"otrasFrecuenciaBrazoDerecho\":\"\",\"otrasIntensidadBrazoDerecho\":\"\",\"FrecuenciaBrazoIzquierdo\":\"\",\"IntensidadBrazoIzquierdo\":\"\",\"otrasFrecuenciaBrazoIzquierdo\":\"\",\"otrasIntensidadBrazoIzquierdo\":\"\",\"FrecuenciaPiernaDerecha\":\"\",\"IntensidadPiernaDerecha\":\"\",\"otrasFrecuenciaPiernaDerecha\":\"\",\"otrasIntensidadPiernaDerecha\":\"\",\"FrecuenciaPiernaIzquierda\":\"\",\"IntensidadPiernaIzquierda\":\"\",\"otrasFrecuenciaPiernaIzquierda\":\"\",\"otrasIntensidadPiernaIzquierda\":\"\",\"FrecuenciaPieDerecho\":\"\",\"IntensidadPieDerecho\":\"\",\"otrasFrecuenciaPieDerecho\":\"\",\"otrasIntensidadPieDerecho\":\"\",\"FrecuenciaPieIzquierdo\":\"continua\",\"IntensidadPieIzquierdo\":\"baja\",\"otrasFrecuenciaPieIzquierdo\":\"\",\"otrasIntensidadPieIzquierdo\":\"\",\"FrecuenciaOtrasLocalizacionDolor\":\"otras\",\"IntensidadOtrasLocalizacionDolor\":\"otras\",\"otrasFrecuenciaOtrasLocalizacionDolor\":\"dolores en la muñeca izquierda, frecuentes\",\"otrasIntensidadOtrasLocalizacionDolor\":\"moderada\",\"otrosDolor\":\"Dolores que empeoran en invierno\",\"Cabeza\":true,\"Cuello\":false,\"Espalda\":true,\"BrazoDerecho\":false,\"BrazoIzquierdo\":false,\"PiernaDerecha\":false,\"PiernaIzquierda\":false,\"PieDerecho\":false,\"PieIzquierdo\":true,\"OtrasLocalizacionDolor\":true}}','{\"orientacionTemporal\":\"A veces pierde la noción el tiempo, pero nada preocupante para su edad.\",\"orientacionEspacial\":\"Se orienta bastante bien.Ha habido algún episodio esporádico de desorientación cuando tení­a que dirigirse a su cuarto. En observación.\",\"orientacionPersonal\":\"Sin problemas detectados\",\"EstadoMemoria\":\"Bien conservada\",\"otrasEstadoMemoria\":\"\",\"tomaDecisiones\":\"Total\",\"deterioroCognitivo\":\"No se ha observado deterioro desde su ingreso\",\"otrosValoracionCognitiva\":\"\",\"otrosValoracionAfectivaTexto\":\"Duelo por su segunda esposa\",\"antecedentesPsiquiatricosTexto\":\"Tuvo un episodio fuerte de depresión tras la muerte de su segunda esposa.Seguimiento por el Dr.Antúnez (12 Octubre)\",\"comportamientoInadecuadoTexto\":\"\",\"otrosTrastornoConductaTexto\":\"\",\"objetivosAreaPsicologica\":\"\",\"accionesAreaPsicologica\":\"\",\"responsableAreaPsicologica\":\"\",\"afliccion\":false,\"dificultadesSueno\":false,\"tristeza\":false,\"ansiedad\":false,\"perdidaInteres\":false,\"apetito\":true,\"CambiosAnimo\":false,\"ideaMuerte\":false,\"quejasSomaticas\":true,\"otrosValoracionAfectiva\":true,\"demenciaFamiliar\":false,\"antecedentesPsiquiatricos\":true,\"deambulacion\":true,\"lenguajeOfensivo\":false,\"agresividadFisica\":true,\"rechazoCuidados\":false,\"delirios\":true,\"agitacionPsicomotriz\":false,\"alucinaciones\":false,\"comportamientoInadecuado\":false,\"otrosTrastornoConducta\":false}','{\"Ducha\":\"otras\",\"otrasDucha\":\"No necesita ayuda\",\"Aseo\":\"otras\",\"otrasAseo\":\"No necesita ayuda\",\"Vestido\":\"Proporciona bastante ayuda\",\"otrasVestido\":\"\",\"UsoRetrete\":\"otras\",\"otrasUsoRetrete\":\"No necesita ayuda\",\"otrasDeambulacionTexto\":\"autonomía con el uso del bastón\",\"Transferencias\":\"Ayuda en las transferencias\",\"otrasTransferencias\":\"\",\"Alimentacion\":\"Come solo/a\",\"otrasAlimentacion\":\"\",\"usoTelefono\":\"Tiene un teléfono móvil que utiliza con soltura y autonomía\",\"manejoDinero\":\"Manejo de su dinero sin necesidad de supervisión\",\"otrasActividadesInstrumental\":\"Nada que reseñar\",\"objetivosAreaFuncional\":\"Mantener en observación por si se detectara deterioro en este área\",\"accionesAreaFuncional\":\"En este área el usuario no requiere de ninguna intervención\",\"responsableAreaFuncional\":\"Míram Díaz\",\"rehabilitacion\":false,\"ayudaDesplazamiento\":false,\"ayudaTecnicas\":false,\"otrasDeambulacion\":true}','{\"Aficiones\":\"Manifiesta intereses y aficiones variados\",\"otrasAficiones\":\"\",\"otrasTiempoLibreTexto\":\"juega a videojuegos\",\"relacionarseRange\":\"71\",\"actividadesRange\":\"45\",\"actividadesPlanificadasRange\":\"16\",\"iniciativaPropiaRange\":\"19\",\"otrasActividadesTexto\":\"\",\"objetivosAreaAnimacion\":\"Aunque se está integrando bastante bien, conviene hacerle un seguimiento de cerca, ya que tiene tendencia a la introspección\",\"accionesAreaAnimacion\":\"Fomentar su participación en actividades grupales\",\"responsableAreaAnimacion\":\"Míriam Díaz\",\"actividadesManuales\":true,\"juegosMesa\":true,\"leer\":true,\"tv\":false,\"otrasTiempoLibre\":true,\"objetivosPropios\":true,\"otrasActividades\":false}'),(70,'CAM0000',61,'81415377T','Martín','Calvo','Rodríguez','30/05/1930','{\"intelectual\":false,\"fisica\":false,\"visual\":false,\"enfermendadMental\":false,\"demencia\":true,\"otraDiscapacidad\":true,\"otraDiscapacidadTexto\":\"Auditiva\"}',2,'{\"enfermedadLeve\":false,\"pronosticoReservado\":false,\"tratamCurativo\":false,\"tratamPaliativo\":true,\"tratamFarmaTemp\":false,\"tratamFarmaCron\":true,\"deterioroCognitivo\":false,\"debilidadDebMotriz\":false,\"desorientacion\":true,\"DificultadLenguaje\":true,\"otraSitMedica\":true,\"otraSitMedicaTexto\":\"Demencia\"}',0,'2020-12-27 12:12:10',NULL,NULL,'2021-01-07 19:53:41','{\"lugarNacimiento\":\"\",\"EstadoCivil\":\"\",\"otrasEstadoCivil\":\"\",\"NSS\":\"\",\"centroSalud\":\"\",\"antecedentesLaborales\":\"\",\"formacion\":\"\",\"historiaVida\":\"\",\"otrosDatosBiografia\":\"\"}','{\"Autodeterminacion\":\"\",\"FacultadesMentales\":\"\",\"otrasAutodeterminacion\":\"\",\"otrasFacultadesMentales\":\"\",\"ultimasVoluntades\":\"\",\"situacionDesproteccion\":\"\",\"otrasSituacionLegal\":\"\",\"HabitosOcio\":\"Le gustan las actividades en grupo\",\"otrasHabitosOcio\":\"\",\"poseeCreencias\":\"\",\"FrecuenciaServicio\":\"Diaria\",\"otrasFrecuenciaServicio\":\"\",\"otrasAreaCreencias\":\"\",\"gestionesAdministrativas\":\"\",\"otrasGestionesAdministrativas\":\"\",\"detalleGestiones\":\"\",\"ConvivenciaAnterior\":\"\",\"otrasConvivenciaAnterior\":\"\",\"causasIngreso\":\"\",\"RedSocial\":\"\",\"redFamiliar\":\"\",\"otrasRedSocial\":\"\",\"otrasRedFamiliar\":\"\",\"familiaresRedFamiliar\":\"\",\"regimenSalidas\":\"\",\"regimenVisitas\":\"\",\"otrasIniciativa\":\"\",\"IniciativaSocial\":\"\",\"otrasIniciativaSocial\":\"\",\"objetivosAreaSocial\":\"\",\"accionesAreaSocial\":\"\",\"responsableAreaSocial\":\"\",\"creyente\":false,\"acudeServicios\":false,\"noCreyente\":false,\"otrasCreencias\":false}','{\"diagnosticosPasados\":\"\",\"diagnosticosPresentes\":\"\",\"ingesosHospitalarios\":\"\",\"intervencionesQuirurgicas\":\"\",\"otrasSituacioSanitaria\":\"\",\"datosTratamientos\":\"\",\"undefined\":\"\",\"estadoPiel\":\"\",\"estadoPielUnas\":\"\",\"gradoUlceraVascular\":\"\",\"tratamientosUlceraVascular\":\"\",\"otrosDatosUlceraVascular\":\"\",\"otrosProblemasCutaneos\":\"\",\"otrosPiel\":\"\",\"estadoBoca\":\"\",\"altracionesIngesta\":\"\",\"otrasModifPesoTexto\":\"\",\"utensiliosEspecialesTexto\":\"\",\"otrosMetodosTexto\":\"\",\"otrasAlergiasTexto\":\"\",\"dieta\":\"\",\"balanceHidrico\":\"\",\"otrosNutricion\":\"\",\"otrosRitmoIntestinalTexto\":\"\",\"otrosDispositivosTexto\":\"\",\"otrosPatronEliminacion\":\"\",\"nivelAutonomía\":\"\",\"marchaMovivilidad\":\"\",\"otrasAyudasTecnicasTexto\":\"\",\"otrasEncamamentoTexto\":\"\",\"metodosMecanicosTranferenciaTexto\":\"\",\"metodosManualesTranferenciaTexto\":\"\",\"otrosMovilidad\":\"\",\"datosSueno\":\"\",\"comentarioOlvidosEsporadicos\":\"\",\"comentarioOlvidosFrecuentes\":\"\",\"otrasMemoriaTexto\":\"\",\"tomaDecisiones\":\"\",\"otrasAlteracionConducta\":\"\",\"datosSeguridad\":\"\",\"MarchaEquilibrio\":\"\",\"otrasMarchaEquilibrio\":\"\",\"equilibrio\":\"\",\"tonoMuscular\":\"\",\"fuerza\":\"\",\"otrasMarchaEquilibrioGeneral\":\"\",\"datosLimitacionMovilidad\":\"\",\"datosPotencialRecuperacion\":\"\",\"objetivosAreaSanitaria\":\"\",\"accionesAreaSanitaria\":\"\",\"responsableAreaSanitaria\":\"\",\"ulcerasPiel\":false,\"desnutricion\":false,\"obesidad\":false,\"trastornoAlimenticio\":false,\"otrasModifPeso\":false,\"parental\":false,\"sonda\":false,\"jeringa\":false,\"Suplemento\":false,\"utensiliosEspeciales\":false,\"otrosMetodosNutricion\":false,\"gluten\":false,\"lactosa\":false,\"fructosa\":false,\"sacarosa\":false,\"otrasAlergias\":false,\"fecal\":false,\"urinaria\":false,\"ritmoRegular\":false,\"estrenimiento\":false,\"diarrea\":false,\"otrosRitmoIntestinal\":false,\"absorbentes\":false,\"ostomia\":false,\"otrosDispositivos\":false,\"ayudasTécnicas\":false,\"baston\":false,\"andador\":false,\"muleta\":false,\"sillaRuedas\":false,\"otrasAyudasTecnicas\":false,\"encamamiento\":false,\"temporal\":false,\"permanente\":false,\"otrasEncamamento\":false,\"metodosTransferencia\":false,\"metodosMecanicosTranferencia\":false,\"metodosManualesTranferencia\":false,\"olvidosEsporadicos\":false,\"olvidosFrecuentes\":false,\"deterioroMemoria\":false,\"dificultadReconocimiento\":false,\"otrasMemoria\":false,\"dolor\":{\"FrecuenciaCabeza\":\"\",\"IntensidadCabeza\":\"\",\"otrasFrecuenciaCabeza\":\"\",\"otrasIntensidadCabeza\":\"\",\"FrecuenciaCuello\":\"\",\"IntensidadCuello\":\"\",\"otrasFrecuenciaCuello\":\"\",\"otrasIntensidadCuello\":\"\",\"FrecuenciaEspalda\":\"\",\"IntensidadEspalda\":\"\",\"otrasFrecuenciaEspalda\":\"\",\"otrasIntensidadEspalda\":\"\",\"FrecuenciaBrazoDerecho\":\"\",\"IntensidadBrazoDerecho\":\"\",\"otrasFrecuenciaBrazoDerecho\":\"\",\"otrasIntensidadBrazoDerecho\":\"\",\"FrecuenciaBrazoIzquierdo\":\"\",\"IntensidadBrazoIzquierdo\":\"\",\"otrasFrecuenciaBrazoIzquierdo\":\"\",\"otrasIntensidadBrazoIzquierdo\":\"\",\"FrecuenciaPiernaDerecha\":\"\",\"IntensidadPiernaDerecha\":\"\",\"otrasFrecuenciaPiernaDerecha\":\"\",\"otrasIntensidadPiernaDerecha\":\"\",\"FrecuenciaPiernaIzquierda\":\"\",\"IntensidadPiernaIzquierda\":\"\",\"otrasFrecuenciaPiernaIzquierda\":\"\",\"otrasIntensidadPiernaIzquierda\":\"\",\"FrecuenciaPieDerecho\":\"\",\"IntensidadPieDerecho\":\"\",\"otrasFrecuenciaPieDerecho\":\"\",\"otrasIntensidadPieDerecho\":\"\",\"FrecuenciaPieIzquierdo\":\"\",\"IntensidadPieIzquierdo\":\"\",\"otrasFrecuenciaPieIzquierdo\":\"\",\"otrasIntensidadPieIzquierdo\":\"\",\"FrecuenciaOtrasLocalizacionDolor\":\"\",\"IntensidadOtrasLocalizacionDolor\":\"\",\"otrasFrecuenciaOtrasLocalizacionDolor\":\"\",\"otrasIntensidadOtrasLocalizacionDolor\":\"\",\"otrosDolor\":\"\",\"Cabeza\":false,\"Cuello\":false,\"Espalda\":false,\"BrazoDerecho\":false,\"BrazoIzquierdo\":false,\"PiernaDerecha\":false,\"PiernaIzquierda\":false,\"PieDerecho\":false,\"PieIzquierdo\":false,\"OtrasLocalizacionDolor\":false}}','{\"orientacionTemporal\":\"\",\"orientacionEspacial\":\"\",\"orientacionPersonal\":\"\",\"EstadoMemoria\":\"\",\"otrasEstadoMemoria\":\"\",\"tomaDecisiones\":\"\",\"deterioroCognitivo\":\"\",\"otrosValoracionCognitiva\":\"\",\"otrosValoracionAfectivaTexto\":\"\",\"antecedentesPsiquiatricosTexto\":\"\",\"comportamientoInadecuadoTexto\":\"\",\"otrosTrastornoConductaTexto\":\"\",\"objetivosAreaPsicologica\":\"\",\"accionesAreaPsicologica\":\"\",\"responsableAreaPsicologica\":\"\",\"afliccion\":false,\"dificultadesSueno\":false,\"tristeza\":false,\"ansiedad\":false,\"perdidaInteres\":false,\"apetito\":false,\"CambiosAnimo\":false,\"ideaMuerte\":false,\"quejasSomaticas\":false,\"otrosValoracionAfectiva\":false,\"demenciaFamiliar\":false,\"antecedentesPsiquiatricos\":false,\"deambulacion\":false,\"lenguajeOfensivo\":false,\"agresividadFisica\":false,\"rechazoCuidados\":false,\"delirios\":false,\"agitacionPsicomotriz\":false,\"alucinaciones\":false,\"comportamientoInadecuado\":false,\"otrosTrastornoConducta\":false}','{\"Ducha\":\"\",\"otrasDucha\":\"\",\"Aseo\":\"\",\"otrasAseo\":\"\",\"Vestido\":\"\",\"otrasVestido\":\"\",\"UsoRetrete\":\"\",\"otrasUsoRetrete\":\"\",\"otrasDeambulacionTexto\":\"\",\"Transferencias\":\"\",\"otrasTransferencias\":\"\",\"Alimentacion\":\"\",\"otrasAlimentacion\":\"\",\"usoTelefono\":\"\",\"manejoDinero\":\"\",\"otrasActividadesInstrumental\":\"\",\"objetivosAreaFuncional\":\"\",\"accionesAreaFuncional\":\"\",\"responsableAreaFuncional\":\"\",\"rehabilitacion\":false,\"ayudaDesplazamiento\":false,\"ayudaTecnicas\":false,\"otrasDeambulacion\":false}','{\"Aficiones\":\"\",\"otrasAficiones\":\"\",\"otrasTiempoLibreTexto\":\"\",\"relacionarseRange\":\"50\",\"actividadesRange\":\"50\",\"actividadesPlanificadasRange\":\"50\",\"iniciativaPropiaRange\":\"50\",\"otrasActividadesTexto\":\"\",\"objetivosAreaAnimacion\":\"\",\"accionesAreaAnimacion\":\"\",\"responsableAreaAnimacion\":\"\",\"actividadesManuales\":false,\"juegosMesa\":false,\"leer\":false,\"tv\":false,\"otrasTiempoLibre\":false,\"objetivosPropios\":false,\"otrasActividades\":false}'),(71,'ROM0000',58,'51840549K','Maria Angustias','Rodríguez','Vélez','12/01/1955','{\"intelectual\":false,\"fisica\":false,\"visual\":false,\"enfermendadMental\":false,\"demencia\":false,\"otraDiscapacidad\":false,\"otraDiscapacidadTexto\":\"\"}',0,'{\"enfermedadLeve\":true,\"pronosticoReservado\":false,\"tratamCurativo\":false,\"tratamPaliativo\":false,\"tratamFarmaTemp\":false,\"tratamFarmaCron\":false,\"deterioroCognitivo\":false,\"debilidadDebMotriz\":false,\"desorientacion\":false,\"DificultadLenguaje\":false,\"otraSitMedica\":false,\"otraSitMedicaTexto\":\"\"}',NULL,'2020-12-27 13:29:00','2021-01-01 00:00:00','Se encontraba a disgusto',NULL,NULL,NULL,NULL,NULL,NULL,NULL),(72,'PÉG0000',58,'83467122F','Guadalupe María','Pérez','Albornoz','03/06/1945','{\"intelectual\":false,\"fisica\":false,\"visual\":false,\"enfermendadMental\":false,\"demencia\":false,\"otraDiscapacidad\":false,\"otraDiscapacidadTexto\":\"\"}',0,'{\"enfermedadLeve\":true,\"pronosticoReservado\":false,\"tratamCurativo\":false,\"tratamPaliativo\":false,\"tratamFarmaTemp\":false,\"tratamFarmaCron\":true,\"deterioroCognitivo\":false,\"debilidadDebMotriz\":false,\"desorientacion\":false,\"DificultadLenguaje\":false,\"otraSitMedica\":false,\"otraSitMedicaTexto\":\"\"}',NULL,'2021-01-02 20:29:38',NULL,NULL,NULL,NULL,NULL,NULL,NULL,NULL,NULL);
/*!40000 ALTER TABLE `residente` ENABLE KEYS */;
UNLOCK TABLES;

--
-- Table structure for table `turno`
--

DROP TABLE IF EXISTS `turno`;
/*!40101 SET @saved_cs_client     = @@character_set_client */;
/*!40101 SET character_set_client = utf8 */;
CREATE TABLE `turno` (
  `id_turno` int(11) NOT NULL AUTO_INCREMENT,
  `descripcion` varchar(45) DEFAULT NULL,
  PRIMARY KEY (`id_turno`)
) ENGINE=InnoDB AUTO_INCREMENT=7 DEFAULT CHARSET=utf8;
/*!40101 SET character_set_client = @saved_cs_client */;

--
-- Dumping data for table `turno`
--

LOCK TABLES `turno` WRITE;
/*!40000 ALTER TABLE `turno` DISABLE KEYS */;
INSERT INTO `turno` VALUES (1,'Diurno'),(2,'Vespertino'),(3,'Nocturno'),(4,'Fines de semana Diurno'),(5,'Fines de semana Vespertino'),(6,'Fines de semana Nocturno');
/*!40000 ALTER TABLE `turno` ENABLE KEYS */;
UNLOCK TABLES;
/*!40103 SET TIME_ZONE=@OLD_TIME_ZONE */;

/*!40101 SET SQL_MODE=@OLD_SQL_MODE */;
/*!40014 SET FOREIGN_KEY_CHECKS=@OLD_FOREIGN_KEY_CHECKS */;
/*!40014 SET UNIQUE_CHECKS=@OLD_UNIQUE_CHECKS */;
/*!40101 SET CHARACTER_SET_CLIENT=@OLD_CHARACTER_SET_CLIENT */;
/*!40101 SET CHARACTER_SET_RESULTS=@OLD_CHARACTER_SET_RESULTS */;
/*!40101 SET COLLATION_CONNECTION=@OLD_COLLATION_CONNECTION */;
/*!40111 SET SQL_NOTES=@OLD_SQL_NOTES */;

-- Dump completed on 2021-01-07 19:58:35
